Tijdstempel,Invuller 2,Datum,Jaar,Locatie,actie,fuiklengte,Net verhoogd?,lat_vijver,long_vijver,lat_grid,long_grid,Type,locationID,Organisation,eventID,no_fuiken,fuikNr,Opmerkingen,L1,L0,L2,M2,AV,AM,L00,M1,Hoek,fuiktype,larven_fuik,juveniel_fuik,adult_fuik,totaal_fuik,correctie_factor,larven_corrected,juveniel_corrected,adult_corrected,totaal_fuik_corrected,MX,AX,LX,totaal_corrected
2021-10-06T14:50:45Z,Kris Meeus,2021-10-06,2021,3,Afvangst,NA,FALSE,51.218487,5.163869,51.22101950378,5.1651321582013585,Stilstaand,18D61BF3-0E10-4BEA-94B8-031CCDAAE8BA,Natuurwerk,06-10-2021_3,3,Fuik 1,NA,NA,NA,NA,NA,NA,NA,NA,NA,45°,enkele fuik,0,0,0,0,1,0,0,0,0,NA,NA,NA,NA
2021-10-06T14:50:45Z,Kris Meeus,2021-10-06,2021,3,Afvangst,NA,FALSE,51.218487,5.163869,51.22101950378,5.1651321582013585,Stilstaand,18D61BF3-0E10-4BEA-94B8-031CCDAAE8BA,Natuurwerk,06-10-2021_3,3,Fuik 2,NA,NA,NA,NA,NA,NA,NA,NA,NA,45°,enkele fuik,0,0,0,0,1,0,0,0,0,NA,NA,NA,NA
2021-10-06T14:50:45Z,Kris Meeus,2021-10-06,2021,3,Afvangst,NA,FALSE,51.218487,5.163869,51.22101950378,5.1651321582013585,Stilstaand,18D61BF3-0E10-4BEA-94B8-031CCDAAE8BA,Natuurwerk,06-10-2021_3,3,Fuik 3,NA,NA,NA,NA,NA,NA,NA,NA,NA,45°,enkele fuik,0,0,0,0,1,0,0,0,0,NA,NA,NA,NA
2021-10-07T13:54:33Z,Kris Meeus,2021-10-07,2021,3,Afvangst,NA,FALSE,51.218487,5.163869,51.22101950378,5.1651321582013585,Stilstaand,18D61BF3-0E10-4BEA-94B8-031CCDAAE8BA,Natuurwerk,07-10-2021_3,3,Fuik 1,NA,NA,NA,NA,NA,NA,NA,NA,NA,45°,enkele fuik,0,0,0,0,1,0,0,0,0,NA,NA,NA,NA
2021-10-07T13:54:33Z,Kris Meeus,2021-10-07,2021,3,Afvangst,NA,FALSE,51.218487,5.163869,51.22101950378,5.1651321582013585,Stilstaand,18D61BF3-0E10-4BEA-94B8-031CCDAAE8BA,Natuurwerk,07-10-2021_3,3,Fuik 2,NA,NA,NA,NA,NA,NA,NA,NA,NA,45°,enkele fuik,0,0,0,0,1,0,0,0,0,NA,NA,NA,NA
2021-10-07T13:54:33Z,Kris Meeus,2021-10-07,2021,3,Afvangst,NA,FALSE,51.218487,5.163869,51.22101950378,5.1651321582013585,Stilstaand,18D61BF3-0E10-4BEA-94B8-031CCDAAE8BA,Natuurwerk,07-10-2021_3,3,Fuik 3,NA,NA,NA,NA,NA,NA,NA,NA,NA,45°,enkele fuik,0,0,0,0,1,0,0,0,0,NA,NA,NA,NA
2021-10-08T12:33:04Z,Kris Meeus,2021-10-08,2021,3,Afvangst,NA,FALSE,51.218487,5.163869,51.22101950378,5.1651321582013585,Stilstaand,18D61BF3-0E10-4BEA-94B8-031CCDAAE8BA,Natuurwerk,08-10-2021_3,2,Fuik 1,NA,NA,NA,NA,NA,NA,NA,NA,NA,45°,enkele fuik,0,0,0,0,1,0,0,0,0,NA,NA,NA,NA
2021-10-08T12:33:04Z,Kris Meeus,2021-10-08,2021,3,Afvangst,NA,FALSE,51.218487,5.163869,51.22101950378,5.1651321582013585,Stilstaand,18D61BF3-0E10-4BEA-94B8-031CCDAAE8BA,Natuurwerk,08-10-2021_3,2,Fuik 2,"Fuik gestolen, wel kikker gespot op plaats fuik",NA,NA,NA,NA,NA,NA,NA,NA,45°,enkele fuik,0,0,0,0,1,0,0,0,0,NA,NA,NA,NA
NA,NA,2014-09-11,2014,NA,Afvangst,NA,NA,NA,NA,NA,NA,NA,NA,NA,11-09-2014_13357,1,Fuik 1,NA,NA,5,NA,NA,NA,NA,NA,NA,90°,dubbele fuik,5,0,0,5,1,5,0,0,NA,NA,NA,NA,5
NA,NA,2014-09-11,2014,NA,Afvangst,NA,NA,NA,NA,NA,NA,NA,NA,NA,11-09-2014_13372,1,Fuik 1,NA,NA,NA,NA,3,1,NA,NA,NA,90°,dubbele fuik,0,3,1,4,1,0,3,1,NA,NA,NA,NA,4
NA,NA,2014-09-11,2014,NA,Afvangst,NA,NA,NA,NA,NA,NA,NA,NA,NA,11-09-2014_13359,1,Fuik 1,NA,111,108,63,NA,NA,NA,NA,NA,90°,dubbele fuik,282,0,0,282,1,282,0,0,NA,NA,NA,NA,282
NA,NA,2014-09-11,2014,NA,Afvangst,NA,NA,NA,NA,NA,NA,NA,NA,NA,11-09-2014_13358,1,Fuik 1,NA,1,NA,NA,NA,1,NA,15,NA,90°,dubbele fuik,16,0,1,17,1,16,0,1,NA,NA,NA,NA,17
NA,NA,2014-09-18,2014,NA,Afvangst,NA,NA,NA,NA,NA,NA,NA,NA,NA,18-09-2014_13355,1,Fuik 1,NA,NA,10,NA,NA,NA,NA,2,NA,90°,dubbele fuik,12,0,0,12,1,12,0,0,NA,NA,NA,NA,12
NA,NA,2014-09-12,2014,NA,Afvangst,NA,NA,NA,NA,NA,NA,NA,NA,NA,12-09-2014_13353,1,Fuik 1,NA,NA,400,NA,NA,NA,NA,50,NA,90°,dubbele fuik,450,0,0,450,1,450,0,0,NA,NA,NA,NA,450
NA,NA,2014-09-18,2014,NA,Afvangst,NA,NA,NA,NA,NA,NA,NA,NA,NA,18-09-2014_13354,1,Fuik 1,NA,NA,NA,2,4,NA,NA,NA,NA,90°,dubbele fuik,2,4,0,6,1,2,4,0,NA,NA,NA,NA,6
NA,NA,2014-09-12,2014,NA,Afvangst,NA,NA,NA,NA,NA,NA,NA,NA,NA,12-09-2014_13373,1,Fuik 1,NA,NA,NA,NA,NA,NA,NA,77,NA,90°,dubbele fuik,77,0,0,77,1,77,0,0,NA,NA,NA,NA,77
NA,NA,2014-09-12,2014,NA,Afvangst,NA,NA,NA,NA,NA,NA,NA,NA,NA,12-09-2014_13356,1,Fuik 1,NA,NA,480,480,NA,NA,NA,NA,NA,90°,dubbele fuik,960,0,0,960,1,960,0,0,NA,NA,NA,NA,960
NA,NA,2014-09-18,2014,NA,Afvangst,NA,NA,NA,NA,NA,NA,NA,NA,NA,18-09-2014_13362,1,Fuik 1,NA,57,5,83,NA,NA,NA,NA,NA,90°,dubbele fuik,145,0,0,145,1,145,0,0,NA,NA,NA,NA,145
NA,NA,2014-09-18,2014,NA,Afvangst,NA,NA,NA,NA,NA,NA,NA,NA,NA,18-09-2014_13361,1,Fuik 1,NA,NA,NA,15,NA,NA,NA,NA,3,90°,dubbele fuik,15,3,0,18,1,15,3,0,NA,NA,NA,NA,18
NA,NA,2014-09-12,2014,NA,Afvangst,NA,NA,NA,NA,NA,NA,NA,NA,NA,12-09-2014_13360,1,Fuik 1,NA,NA,1102,739,NA,NA,NA,139,NA,90°,dubbele fuik,1980,0,0,1980,1,1980,0,0,NA,NA,NA,NA,1980
NA,NA,2013-09-20,2013,NA,Afvangst,NA,NA,NA,NA,NA,NA,NA,NA,NA,20-09-2013_13373,2,Fuik 1,NA,12,81,NA,1,NA,NA,4,NA,NA,dubbele fuik,97,1,0,98,1,97,1,0,NA,NA,NA,NA,98
NA,NA,2013-09-20,2013,NA,Afvangst,NA,NA,NA,NA,NA,NA,NA,NA,NA,20-09-2013_13353,1,Fuik 1,NA,NA,NA,NA,1,NA,NA,NA,NA,NA,dubbele fuik,0,1,0,1,1,0,1,0,NA,NA,NA,NA,1
NA,NA,2013-09-20,2013,NA,Afvangst,NA,NA,NA,NA,NA,NA,NA,NA,NA,20-09-2013_13354,2,Fuik 2,NA,2,NA,NA,1,NA,NA,NA,NA,NA,dubbele fuik,2,1,0,3,1,2,1,0,NA,NA,NA,NA,3
NA,NA,2013-09-19,2013,NA,Afvangst,NA,NA,NA,NA,NA,NA,NA,NA,NA,19-09-2013_13361,2,Fuik 2,NA,55,104,93,NA,NA,NA,21,2,NA,dubbele fuik,273,2,0,275,1,273,2,0,NA,NA,NA,NA,275
NA,NA,2013-09-20,2013,NA,Afvangst,NA,NA,NA,NA,NA,NA,NA,NA,NA,20-09-2013_13373,2,Fuik 2,NA,11,40,NA,NA,NA,NA,3,NA,NA,dubbele fuik,54,0,0,54,1,54,0,0,NA,NA,NA,NA,54
NA,NA,2013-09-19,2013,NA,Afvangst,NA,NA,NA,NA,NA,NA,NA,NA,NA,19-09-2013_13373,1,Fuik 1,NA,NA,NA,NA,1,NA,NA,NA,NA,NA,dubbele fuik,0,1,0,1,1,0,1,0,NA,NA,NA,NA,1
NA,NA,2013-09-18,2013,NA,Afvangst,NA,NA,NA,NA,NA,NA,NA,NA,NA,18-09-2013_13360,2,Fuik 2,NA,NA,NA,1,3,NA,NA,NA,NA,NA,dubbele fuik,1,3,0,4,1,1,3,0,NA,NA,NA,NA,4
NA,NA,2013-09-20,2013,NA,Afvangst,NA,NA,NA,NA,NA,NA,NA,NA,NA,20-09-2013_13354,2,Fuik 1,NA,NA,NA,NA,1,NA,1,NA,NA,NA,dubbele fuik,0,1,1,2,1,0,1,1,NA,NA,NA,NA,2
NA,NA,2013-09-19,2013,NA,Afvangst,NA,NA,NA,NA,NA,NA,NA,NA,NA,19-09-2013_13361,2,Fuik 1,NA,60,114,102,NA,NA,NA,22,2,NA,dubbele fuik,298,2,0,300,1,298,2,0,NA,NA,NA,NA,300
NA,NA,2013-09-18,2013,NA,Afvangst,NA,NA,NA,NA,NA,NA,NA,NA,NA,18-09-2013_13360,2,Fuik 1,NA,NA,NA,NA,1,NA,NA,NA,NA,NA,dubbele fuik,0,1,0,1,1,0,1,0,NA,NA,NA,NA,1
NA,NA,2013-09-19,2013,NA,Afvangst,NA,NA,NA,NA,NA,NA,NA,NA,NA,19-09-2013_13372,2,Fuik 1,NA,2,1,49,1,NA,NA,NA,10,NA,dubbele fuik,52,11,0,63,1,52,11,0,NA,NA,NA,NA,63
NA,NA,2013-09-18,2013,NA,Afvangst,NA,NA,NA,NA,NA,NA,NA,NA,NA,18-09-2013_13359,2,Fuik 1,NA,349,482,12,NA,NA,NA,193,NA,NA,dubbele fuik,1036,0,0,1036,1,1036,0,0,NA,NA,NA,NA,1036
NA,NA,2013-09-19,2013,NA,Afvangst,NA,NA,NA,NA,NA,NA,NA,NA,NA,19-09-2013_13372,2,Fuik 2,NA,NA,NA,1,1,NA,NA,NA,3,NA,dubbele fuik,1,4,0,5,1,1,4,0,NA,NA,NA,NA,5
NA,NA,2013-09-18,2013,NA,Afvangst,NA,NA,NA,NA,NA,NA,NA,NA,NA,18-09-2013_13359,2,Fuik 2,NA,520,718,18,NA,NA,NA,287,NA,NA,dubbele fuik,1543,0,0,1543,1,1543,0,0,NA,NA,NA,NA,1543
NA,NA,2013-09-18,2013,NA,Afvangst,NA,NA,NA,NA,NA,NA,NA,NA,NA,18-09-2013_13358,2,Fuik 2,NA,1,NA,1,NA,NA,NA,20,1,NA,dubbele fuik,22,1,0,23,1,22,1,0,NA,NA,NA,NA,23
NA,NA,2013-09-18,2013,NA,Afvangst,NA,NA,NA,NA,NA,NA,NA,NA,NA,18-09-2013_13358,2,Fuik 1,NA,2,NA,1,3,2,NA,6,4,NA,dubbele fuik,9,7,2,18,1,9,7,2,NA,NA,NA,NA,18
NA,NA,2014-09-11,2014,NA,Afvangst,NA,NA,NA,NA,NA,NA,NA,NA,NA,11-09-2014_13359  oever,2,Fuik 2,NA,24,17,16,NA,NA,NA,NA,NA,NA,dubbele fuik,57,0,0,57,1,57,0,0,NA,NA,NA,NA,57
NA,NA,2014-09-11,2014,NA,Afvangst,NA,NA,NA,NA,NA,NA,NA,NA,NA,11-09-2014_13359  oever,2,Fuik 1,NA,NA,NA,NA,NA,NA,NA,NA,NA,NA,NA,NA,NA,NA,NA,NA,NA,NA,NA,NA,NA,NA,NA,NA
NA,NA,2014-09-11,2014,NA,Afvangst,NA,NA,NA,NA,NA,NA,NA,NA,NA,11-09-2014_13357  oever,2,Fuik 2,NA,NA,3,1,1,NA,NA,1,NA,NA,dubbele fuik,5,1,0,6,1,5,1,0,NA,NA,NA,NA,6
NA,NA,2014-09-11,2014,NA,Afvangst,NA,NA,NA,NA,NA,NA,NA,NA,NA,11-09-2014_13357  oever,2,Fuik 1,NA,NA,NA,NA,NA,NA,NA,NA,NA,NA,NA,NA,NA,NA,NA,NA,NA,NA,NA,NA,NA,NA,NA,NA
NA,NA,2014-09-12,2014,NA,Afvangst,NA,NA,NA,NA,NA,NA,NA,NA,NA,12-09-2014_13373  oever,2,Fuik 2,NA,NA,4,NA,NA,NA,NA,15,NA,NA,dubbele fuik,19,0,0,19,1,19,0,0,NA,NA,NA,NA,19
NA,NA,2014-09-12,2014,NA,Afvangst,NA,NA,NA,NA,NA,NA,NA,NA,NA,12-09-2014_13373  oever,2,Fuik 1,NA,NA,NA,NA,NA,NA,NA,NA,NA,NA,NA,NA,NA,NA,NA,NA,NA,NA,NA,NA,NA,NA,NA,NA
NA,NA,2014-09-12,2014,NA,Afvangst,NA,NA,NA,NA,NA,NA,NA,NA,NA,12-09-2014_13353  oever,2,Fuik 2,NA,NA,461,NA,NA,NA,NA,40,NA,NA,dubbele fuik,501,0,0,501,1,501,0,0,NA,NA,NA,NA,501
NA,NA,2014-09-12,2014,NA,Afvangst,NA,NA,NA,NA,NA,NA,NA,NA,NA,12-09-2014_13353  oever,2,Fuik 1,NA,NA,NA,NA,NA,NA,NA,NA,NA,NA,NA,NA,NA,NA,NA,NA,NA,NA,NA,NA,NA,NA,NA,NA
NA,NA,2014-09-11,2014,NA,Afvangst,NA,NA,NA,NA,NA,NA,NA,NA,NA,11-09-2014_13358  oever,2,Fuik 2,NA,NA,NA,2,1,NA,1,15,2,NA,dubbele fuik,17,3,1,21,1,17,3,1,NA,NA,NA,NA,21
NA,NA,2014-09-11,2014,NA,Afvangst,NA,NA,NA,NA,NA,NA,NA,NA,NA,11-09-2014_13358  oever,2,Fuik 1,NA,NA,NA,NA,NA,NA,NA,NA,NA,NA,NA,NA,NA,NA,NA,NA,NA,NA,NA,NA,NA,NA,NA,NA
NA,NA,2014-09-12,2014,NA,Afvangst,NA,NA,NA,NA,NA,NA,NA,NA,NA,12-09-2014_13356  oever,2,Fuik 2,NA,NA,81,102,NA,NA,NA,NA,NA,NA,dubbele fuik,183,0,0,183,1,183,0,0,NA,NA,NA,NA,183
NA,NA,2014-09-12,2014,NA,Afvangst,NA,NA,NA,NA,NA,NA,NA,NA,NA,12-09-2014_13356  oever,2,Fuik 1,NA,NA,NA,NA,NA,NA,NA,NA,NA,NA,NA,NA,NA,NA,NA,NA,NA,NA,NA,NA,NA,NA,NA,NA
NA,NA,2014-09-12,2014,NA,Afvangst,NA,NA,NA,NA,NA,NA,NA,NA,NA,12-09-2014_13360  oever,2,Fuik 2,NA,NA,682,698,NA,NA,NA,110,2,NA,dubbele fuik,1490,2,0,1492,1,1490,2,0,NA,NA,NA,NA,1492
NA,NA,2014-09-12,2014,NA,Afvangst,NA,NA,NA,NA,NA,NA,NA,NA,NA,12-09-2014_13360  oever,2,Fuik 1,NA,NA,NA,NA,NA,NA,NA,NA,NA,NA,NA,NA,NA,NA,NA,NA,NA,NA,NA,NA,NA,NA,NA,NA
NA,NA,2014-09-18,2014,NA,Afvangst,NA,NA,NA,NA,NA,NA,NA,NA,NA,18-09-2014_13361  oever,2,Fuik 2,NA,NA,NA,7,2,NA,NA,NA,2,NA,dubbele fuik,7,4,0,11,1,7,4,0,NA,NA,NA,NA,11
NA,NA,2014-09-18,2014,NA,Afvangst,NA,NA,NA,NA,NA,NA,NA,NA,NA,18-09-2014_13361  oever,2,Fuik 1,NA,NA,NA,NA,NA,NA,NA,NA,NA,NA,NA,NA,NA,NA,NA,NA,NA,NA,NA,NA,NA,NA,NA,NA
NA,NA,2014-09-18,2014,NA,Afvangst,NA,NA,NA,NA,NA,NA,NA,NA,NA,18-09-2014_13355  oever,2,Fuik 2,NA,4,36,NA,NA,NA,NA,7,NA,NA,dubbele fuik,47,0,0,47,1,47,0,0,NA,NA,NA,NA,47
NA,NA,2014-09-18,2014,NA,Afvangst,NA,NA,NA,NA,NA,NA,NA,NA,NA,18-09-2014_13355  oever,2,Fuik 1,NA,NA,NA,NA,NA,NA,NA,NA,NA,NA,NA,NA,NA,NA,NA,NA,NA,NA,NA,NA,NA,NA,NA,NA
NA,NA,2014-09-18,2014,NA,Afvangst,NA,NA,NA,NA,NA,NA,NA,NA,NA,18-09-2014_13354  oever,2,Fuik 2,NA,1,NA,NA,2,NA,NA,NA,NA,NA,dubbele fuik,1,2,0,3,1,1,2,0,NA,NA,NA,NA,3
NA,NA,2014-09-18,2014,NA,Afvangst,NA,NA,NA,NA,NA,NA,NA,NA,NA,18-09-2014_13354  oever,2,Fuik 1,NA,NA,NA,NA,NA,NA,NA,NA,NA,NA,NA,NA,NA,NA,NA,NA,NA,NA,NA,NA,NA,NA,NA,NA
NA,NA,2014-09-18,2014,NA,Afvangst,NA,NA,NA,NA,NA,NA,NA,NA,NA,18-09-2014_13362  oever,2,Fuik 2,NA,98,NA,127,6,NA,NA,NA,NA,NA,dubbele fuik,225,6,0,231,1,225,6,0,NA,NA,NA,NA,231
NA,NA,2014-09-18,2014,NA,Afvangst,NA,NA,NA,NA,NA,NA,NA,NA,NA,18-09-2014_13362  oever,2,Fuik 1,NA,NA,NA,NA,NA,NA,NA,NA,NA,NA,NA,NA,NA,NA,NA,NA,NA,NA,NA,NA,NA,NA,NA,NA
NA,NA,2013-09-18,2013,NA,Afvangst,NA,NA,NA,NA,NA,NA,NA,NA,NA,18-09-2013_13357,2,Fuik 2,NA,NA,NA,NA,1,NA,NA,NA,NA,NA,dubbele fuik,0,1,0,1,1,0,1,0,NA,NA,NA,NA,1
NA,NA,2013-09-18,2013,NA,Afvangst,NA,NA,NA,NA,NA,NA,NA,NA,NA,18-09-2013_13357,2,Fuik 1,NA,NA,NA,NA,NA,NA,NA,NA,NA,NA,NA,NA,NA,NA,NA,NA,NA,NA,NA,NA,NA,NA,NA,NA
NA,NA,2016,2016,NA,Afschot,NA,NA,51.129964,4.619548,51.13378533706658,4.6155400426086395,Stilstaand,6f1d0d3d-eff8-4106-94cd-b496d92f5fd7,NA,NA_nijlen a2,3,Fuik 1,NA,NA,NA,NA,NA,NA,NA,NA,NA,NA,NA,0,0,5,5,1,0,0,5,NA,NA,5,NA,5
NA,NA,2015,2015,NA,Afschot,NA,NA,51.129964,4.619548,51.13378533706658,4.6155400426086395,Stilstaand,6f1d0d3d-eff8-4106-94cd-b496d92f5fd7,NA,NA_nijlen a2,3,Fuik 2,NA,NA,NA,NA,NA,NA,NA,NA,NA,NA,NA,0,0,1,1,1,0,0,1,NA,NA,1,NA,1
NA,NA,2017,2017,NA,Afschot,NA,NA,51.129964,4.619548,51.13378533706658,4.6155400426086395,Stilstaand,6f1d0d3d-eff8-4106-94cd-b496d92f5fd7,NA,NA_nijlen a2,3,Fuik 3,NA,NA,NA,NA,NA,NA,NA,NA,NA,NA,NA,0,0,1,1,1,0,0,1,NA,NA,1,NA,1
NA,NA,2014-09-11,2014,NA,Afvangst,NA,NA,NA,NA,NA,NA,NA,NA,NA,11-09-2014_13372 fuik2 oever,1,Fuik 1,NA,NA,NA,NA,1,NA,NA,NA,6,NA,dubbele fuik,0,7,0,7,1,0,7,0,NA,NA,NA,NA,7
NA,NA,2014-05-08,2014,NA,Afvangst,NA,NA,NA,NA,NA,NA,NA,NA,NA,08-05-2014_13355 oever,1,Fuik 1,NA,NA,1,NA,NA,NA,NA,NA,NA,NA,dubbele fuik,1,0,0,1,1,1,0,0,NA,NA,NA,NA,1
NA,NA,2014-05-08,2014,NA,Afvangst,NA,NA,NA,NA,NA,NA,NA,NA,NA,08-05-2014_13353,1,Fuik 1,NA,NA,4,NA,1,NA,NA,2,NA,90°,dubbele fuik,6,1,0,7,1,6,1,0,NA,NA,NA,NA,7
NA,NA,2014-05-07,2014,NA,Afvangst,NA,NA,NA,NA,NA,NA,NA,NA,NA,07-05-2014_13359,2,Fuik 1,NA,99,581,21,NA,NA,NA,NA,NA,90°,dubbele fuik,701,0,0,701,1,701,0,0,NA,NA,NA,NA,701
NA,NA,2014-05-07,2014,NA,Afvangst,NA,NA,NA,NA,NA,NA,NA,NA,NA,07-05-2014_13359,2,Fuik 2,NA,45,193,10,NA,NA,1,3,NA,90°,dubbele fuik,251,0,1,252,1,251,0,1,NA,NA,NA,NA,252
NA,NA,2014-05-08,2014,NA,Afvangst,NA,NA,NA,NA,NA,NA,NA,NA,NA,08-05-2014_13361,1,Fuik 1,NA,46,65,26,NA,NA,NA,9,NA,90°,dubbele fuik,146,0,0,146,1,146,0,0,NA,NA,NA,NA,146
NA,NA,2014-05-07,2014,NA,Afvangst,NA,NA,NA,NA,NA,NA,NA,NA,NA,07-05-2014_13360,1,Fuik 1,NA,NA,1,NA,NA,NA,NA,13,NA,90°,dubbele fuik,14,0,0,14,1,14,0,0,NA,NA,NA,NA,14
NA,NA,2014-05-08,2014,NA,Afvangst,NA,NA,NA,NA,NA,NA,NA,NA,NA,08-05-2014_13361 oever,1,Fuik 1,NA,8,17,19,NA,NA,NA,4,1,NA,dubbele fuik,48,1,0,49,1,48,1,0,NA,NA,NA,NA,49
NA,NA,2014-05-07,2014,NA,Afvangst,NA,NA,NA,NA,NA,NA,NA,NA,NA,07-05-2014_13360 oever,1,Fuik 1,NA,NA,NA,NA,NA,NA,NA,3,NA,NA,dubbele fuik,3,0,0,3,1,3,0,0,NA,NA,NA,NA,3
NA,NA,2014-05-08,2014,NA,Afvangst,NA,NA,NA,NA,NA,NA,NA,NA,NA,08-05-2014_13353 oever,1,Fuik 1,NA,NA,3,NA,1,NA,1,8,NA,NA,dubbele fuik,11,1,1,13,1,11,1,1,NA,NA,NA,NA,13
NA,NA,2014-05-09,2014,NA,Afvangst,NA,NA,NA,NA,NA,NA,NA,NA,NA,09-05-2014_13373,1,Fuik 1,NA,NA,NA,NA,NA,NA,NA,1,NA,90°,dubbele fuik,1,0,0,1,1,1,0,0,NA,NA,NA,NA,1
NA,NA,2014-05-08,2014,NA,Afvangst,NA,NA,NA,NA,NA,NA,NA,NA,NA,08-05-2014_13355,1,Fuik 1,NA,NA,NA,NA,NA,NA,NA,8,NA,90°,dubbele fuik,8,0,0,8,1,8,0,0,NA,NA,NA,NA,8
NA,NA,2014-05-06,2014,NA,Afvangst,NA,NA,NA,NA,NA,NA,NA,NA,NA,06-05-2014_13372 oever,1,Fuik 1,NA,NA,NA,16,NA,NA,NA,NA,NA,NA,dubbele fuik,16,0,0,16,1,16,0,0,NA,NA,NA,NA,16
NA,NA,2014-05-09,2014,NA,Afvangst,NA,NA,NA,NA,NA,NA,NA,NA,NA,09-05-2014_13362 oever,1,Fuik 1,NA,4,65,NA,NA,NA,NA,7,NA,NA,dubbele fuik,76,0,0,76,1,76,0,0,NA,NA,NA,NA,76
NA,NA,2014-05-09,2014,NA,Afvangst,NA,NA,NA,NA,NA,NA,NA,NA,NA,09-05-2014_13362,1,Fuik 1,NA,5,107,NA,NA,NA,NA,5,NA,90°,dubbele fuik,117,0,0,117,1,117,0,0,NA,NA,NA,NA,117
NA,NA,2014-05-06,2014,NA,Afvangst,NA,NA,NA,NA,NA,NA,NA,NA,NA,06-05-2014_13372,1,Fuik 1,NA,NA,NA,1,NA,NA,NA,NA,NA,90°,dubbele fuik,1,0,0,1,1,1,0,0,NA,NA,NA,NA,1
NA,NA,2014-05-09,2014,NA,Afvangst,NA,NA,NA,NA,NA,NA,NA,NA,NA,09-05-2014_13354 oever,1,Fuik 1,NA,2,NA,NA,1,NA,NA,NA,NA,NA,dubbele fuik,2,1,0,3,1,2,1,0,NA,NA,NA,NA,3
NA,NA,2014-05-06,2014,NA,Afvangst,NA,NA,NA,NA,NA,NA,NA,NA,NA,06-05-2014_13357 oever,1,Fuik 1,NA,NA,NA,NA,1,NA,1,NA,NA,NA,dubbele fuik,0,1,1,2,1,0,1,1,NA,NA,NA,NA,2
NA,NA,2014-05-06,2014,NA,Afvangst,NA,NA,NA,NA,NA,NA,NA,NA,NA,06-05-2014_13358 oever,1,Fuik 1,NA,NA,36,1,NA,NA,NA,2,3,NA,dubbele fuik,39,3,0,42,1,39,3,0,NA,NA,NA,NA,42
NA,NA,2014-05-06,2014,NA,Afvangst,NA,NA,NA,NA,NA,NA,NA,NA,NA,06-05-2014_13358,1,Fuik 1,NA,1,21,NA,NA,NA,NA,NA,NA,90°,dubbele fuik,22,0,0,22,1,22,0,0,NA,NA,NA,NA,22
NA,NA,2013-07-11,2013,NA,Afvangst,NA,NA,NA,NA,NA,NA,NA,NA,NA,11-07-2013_13358,1,Fuik 1,NA,6,NA,20,NA,NA,NA,NA,1,NA,dubbele fuik,26,1,0,27,1,26,1,0,NA,NA,NA,NA,27
NA,NA,2013-07-11,2013,NA,Afvangst,NA,NA,NA,NA,NA,NA,NA,NA,NA,11-07-2013_13360,2,Fuik 1,NA,73,89,154,NA,NA,NA,NA,NA,NA,dubbele fuik,316,0,0,316,1,316,0,0,NA,NA,NA,NA,316
NA,NA,2013-07-11,2013,NA,Afvangst,NA,NA,NA,NA,NA,NA,NA,NA,NA,11-07-2013_13360,2,Fuik 2,NA,NA,NA,NA,1,NA,NA,NA,NA,NA,dubbele fuik,0,1,0,1,1,0,1,0,NA,NA,NA,NA,1
NA,NA,2013-07-11,2013,NA,Afvangst,NA,NA,NA,NA,NA,NA,NA,NA,NA,11-07-2013_13353,4,Fuik 1,NA,NA,NA,NA,NA,NA,1,NA,NA,NA,dubbele fuik,0,0,1,1,1,0,0,1,NA,NA,NA,NA,1
NA,NA,2013-07-11,2013,NA,Afvangst,NA,NA,NA,NA,NA,NA,NA,NA,NA,11-07-2013_13353,4,Fuik 2,NA,NA,NA,NA,NA,1,NA,NA,NA,NA,dubbele fuik,0,0,1,1,1,0,0,1,NA,NA,NA,NA,1
NA,NA,2013-07-11,2013,NA,Afvangst,NA,NA,NA,NA,NA,NA,NA,NA,NA,11-07-2013_13353,4,Fuik 3,NA,NA,NA,NA,NA,NA,1,NA,NA,NA,dubbele fuik,0,0,1,1,1,0,0,1,NA,NA,NA,NA,1
NA,NA,2013-07-11,2013,NA,Afvangst,NA,NA,NA,NA,NA,NA,NA,NA,NA,11-07-2013_13353,4,Fuik 4,NA,NA,NA,NA,NA,1,NA,NA,NA,NA,dubbele fuik,0,0,1,1,1,0,0,1,NA,NA,NA,NA,1
NA,NA,2013-07-16,2013,NA,Afvangst,NA,NA,NA,NA,NA,NA,NA,NA,NA,16-07-2013_13355,2,Fuik 1,NA,NA,NA,NA,1,NA,NA,NA,NA,NA,dubbele fuik,0,1,0,1,1,0,1,0,NA,NA,NA,NA,1
NA,NA,2013-07-16,2013,NA,Afvangst,NA,NA,NA,NA,NA,NA,NA,NA,NA,16-07-2013_13355,2,Fuik 2,NA,NA,NA,NA,1,NA,NA,NA,NA,NA,dubbele fuik,0,1,0,1,1,0,1,0,NA,NA,NA,NA,1
NA,NA,2013-07-10,2013,NA,Afvangst,NA,NA,NA,NA,NA,NA,NA,NA,NA,10-07-2013_13359,1,Fuik 1,NA,1,2,2,NA,NA,NA,NA,NA,NA,dubbele fuik,5,0,0,5,1,5,0,0,NA,NA,NA,NA,5
NA,NA,2013-07-12,2013,NA,Afvangst,NA,NA,NA,NA,NA,NA,NA,NA,NA,12-07-2013_13359,1,Fuik 1,NA,1,1,1,NA,NA,NA,NA,NA,NA,dubbele fuik,3,0,0,3,1,3,0,0,NA,NA,NA,NA,3
NA,NA,2013-07-18,2013,NA,Afvangst,NA,NA,NA,NA,NA,NA,NA,NA,NA,18-07-2013_13356,2,Fuik 1,NA,NA,NA,NA,NA,NA,1,NA,NA,NA,dubbele fuik,0,0,1,1,1,0,0,1,NA,NA,NA,NA,1
NA,NA,2013-07-18,2013,NA,Afvangst,NA,NA,NA,NA,NA,NA,NA,NA,NA,18-07-2013_13356,2,Fuik 2,NA,3,NA,1,NA,NA,NA,NA,NA,NA,dubbele fuik,4,0,0,4,1,4,0,0,NA,NA,NA,NA,4
NA,NA,2013-07-12,2013,NA,Afvangst,NA,NA,NA,NA,NA,NA,NA,NA,NA,12-07-2013_13354,1,Fuik 1,NA,2,NA,7,NA,NA,NA,NA,NA,NA,dubbele fuik,9,0,0,9,1,9,0,0,NA,NA,NA,NA,9
NA,NA,2013-07-12,2013,NA,Afvangst,NA,NA,NA,NA,NA,NA,NA,NA,NA,12-07-2013_13361,1,Fuik 1,NA,NA,NA,1,NA,NA,NA,NA,NA,NA,dubbele fuik,1,0,0,1,1,1,0,0,NA,NA,NA,NA,1
NA,NA,2013-07-18,2013,NA,Afvangst,NA,NA,NA,NA,NA,NA,NA,NA,NA,18-07-2013_13361,1,Fuik 1,NA,NA,NA,NA,NA,1,NA,NA,NA,NA,dubbele fuik,0,0,1,1,1,0,0,1,NA,NA,NA,NA,1
NA,NA,2013-07-16,2013,NA,Afvangst,NA,NA,NA,NA,NA,NA,NA,NA,NA,16-07-2013_13353,2,Fuik 1,NA,NA,NA,NA,NA,NA,1,NA,NA,NA,dubbele fuik,0,0,1,1,1,0,0,1,NA,NA,NA,NA,1
NA,NA,2013-07-16,2013,NA,Afvangst,NA,NA,NA,NA,NA,NA,NA,NA,NA,16-07-2013_13353,2,Fuik 2,NA,NA,NA,NA,NA,NA,NA,NA,1,NA,dubbele fuik,0,1,0,1,1,0,1,0,NA,NA,NA,NA,1
NA,NA,2013-07-16,2013,NA,Afvangst,NA,NA,NA,NA,NA,NA,NA,NA,NA,16-07-2013_13357,3,Fuik 1,NA,NA,NA,NA,NA,NA,1,NA,NA,NA,dubbele fuik,0,0,1,1,1,0,0,1,NA,NA,NA,NA,1
NA,NA,2013-07-16,2013,NA,Afvangst,NA,NA,NA,NA,NA,NA,NA,NA,NA,16-07-2013_13357,3,Fuik 2,NA,NA,NA,NA,NA,1,NA,NA,NA,NA,dubbele fuik,0,0,1,1,1,0,0,1,NA,NA,NA,NA,1
NA,NA,2013-07-16,2013,NA,Afvangst,NA,NA,NA,NA,NA,NA,NA,NA,NA,16-07-2013_13357,3,Fuik 3,NA,NA,NA,NA,NA,1,NA,NA,NA,NA,dubbele fuik,0,0,1,1,1,0,0,1,NA,NA,NA,NA,1
NA,NA,2013-07-16,2013,NA,Afvangst,NA,NA,NA,NA,NA,NA,NA,NA,NA,16-07-2013_13360,1,Fuik 1,NA,80,52,60,NA,NA,NA,7,NA,NA,dubbele fuik,199,0,0,199,1,199,0,0,NA,NA,NA,NA,199
NA,NA,2013-07-16,2013,NA,Afvangst,NA,NA,NA,NA,NA,NA,NA,NA,NA,16-07-2013_13358,2,Fuik 1,NA,21,NA,38,NA,NA,NA,NA,1,NA,dubbele fuik,59,1,0,60,1,59,1,0,NA,NA,NA,NA,60
NA,NA,2013-07-16,2013,NA,Afvangst,NA,NA,NA,NA,NA,NA,NA,NA,NA,16-07-2013_13358,2,Fuik 2,NA,NA,NA,NA,NA,1,NA,NA,NA,NA,dubbele fuik,0,0,1,1,1,0,0,1,NA,NA,NA,NA,1
NA,NA,2013-07-18,2013,NA,Afvangst,NA,NA,NA,NA,NA,NA,NA,NA,NA,18-07-2013_13354,5,Fuik 1,NA,NA,NA,NA,NA,NA,1,NA,NA,NA,dubbele fuik,0,0,1,1,1,0,0,1,NA,NA,NA,NA,1
NA,NA,2013-07-18,2013,NA,Afvangst,NA,NA,NA,NA,NA,NA,NA,NA,NA,18-07-2013_13354,5,Fuik 2,NA,NA,NA,NA,NA,NA,1,NA,NA,NA,dubbele fuik,0,0,1,1,1,0,0,1,NA,NA,NA,NA,1
NA,NA,2013-07-18,2013,NA,Afvangst,NA,NA,NA,NA,NA,NA,NA,NA,NA,18-07-2013_13354,5,Fuik 3,NA,NA,NA,NA,NA,NA,NA,NA,1,NA,dubbele fuik,0,1,0,1,1,0,1,0,NA,NA,NA,NA,1
NA,NA,2013-07-18,2013,NA,Afvangst,NA,NA,NA,NA,NA,NA,NA,NA,NA,18-07-2013_13354,5,Fuik 4,NA,NA,NA,1,NA,NA,NA,NA,NA,NA,dubbele fuik,1,0,0,1,1,1,0,0,NA,NA,NA,NA,1
NA,NA,2013-07-18,2013,NA,Afvangst,NA,NA,NA,NA,NA,NA,NA,NA,NA,18-07-2013_13354,5,Fuik 5,NA,NA,NA,8,NA,NA,NA,NA,NA,NA,dubbele fuik,8,0,0,8,1,8,0,0,NA,NA,NA,NA,8
NA,NA,2013-07-19,2013,NA,Afvangst,NA,NA,NA,NA,NA,NA,NA,NA,NA,19-07-2013_13353,2,Fuik 1,NA,NA,NA,1,NA,NA,NA,NA,NA,NA,dubbele fuik,1,0,0,1,1,1,0,0,NA,NA,NA,NA,1
NA,NA,2013-07-19,2013,NA,Afvangst,NA,NA,NA,NA,NA,NA,NA,NA,NA,19-07-2013_13353,2,Fuik 2,NA,1,NA,7,NA,NA,NA,NA,NA,NA,dubbele fuik,8,0,0,8,1,8,0,0,NA,NA,NA,NA,8
NA,NA,2013-07-19,2013,NA,Afvangst,NA,NA,NA,NA,NA,NA,NA,NA,NA,19-07-2013_13361,2,Fuik 1,NA,NA,NA,NA,1,NA,NA,NA,NA,NA,dubbele fuik,0,1,0,1,1,0,1,0,NA,NA,NA,NA,1
NA,NA,2013-07-19,2013,NA,Afvangst,NA,NA,NA,NA,NA,NA,NA,NA,NA,19-07-2013_13361,2,Fuik 2,NA,NA,NA,NA,1,NA,NA,NA,NA,NA,dubbele fuik,0,1,0,1,1,0,1,0,NA,NA,NA,NA,1
NA,NA,2013-07-19,2013,NA,Afvangst,NA,NA,NA,NA,NA,NA,NA,NA,NA,19-07-2013_13359,1,Fuik 1,NA,NA,1,NA,NA,NA,NA,NA,NA,NA,dubbele fuik,1,0,0,1,1,1,0,0,NA,NA,NA,NA,1
NA,NA,2013-07-19,2013,NA,Afvangst,NA,NA,NA,NA,NA,NA,NA,NA,NA,19-07-2013_13356,1,Fuik 1,NA,NA,NA,5,NA,NA,NA,NA,NA,NA,dubbele fuik,5,0,0,5,1,5,0,0,NA,NA,NA,NA,5
NA,NA,2013-07-19,2013,NA,Afvangst,NA,NA,NA,NA,NA,NA,NA,NA,NA,19-07-2013_13373,2,Fuik 1,NA,NA,NA,NA,NA,NA,1,NA,NA,NA,dubbele fuik,0,0,1,1,1,0,0,1,NA,NA,NA,NA,1
NA,NA,2013-07-19,2013,NA,Afvangst,NA,NA,NA,NA,NA,NA,NA,NA,NA,19-07-2013_13373,2,Fuik 2,NA,NA,NA,NA,NA,NA,1,NA,NA,NA,dubbele fuik,0,0,1,1,1,0,0,1,NA,NA,NA,NA,1
NA,NA,2013-07-09,2013,NA,Afvangst,NA,NA,NA,NA,NA,NA,NA,NA,NA,09-07-2013_13360,1,Fuik 1,NA,110,55,98,NA,NA,NA,6,NA,NA,dubbele fuik,269,0,0,269,1,269,0,0,NA,NA,NA,NA,269
NA,NA,2013-07-09,2013,NA,Afvangst,NA,NA,NA,NA,NA,NA,NA,NA,NA,09-07-2013_13358,1,Fuik 1,NA,43,NA,20,NA,NA,NA,NA,NA,NA,dubbele fuik,63,0,0,63,1,63,0,0,NA,NA,NA,NA,63
NA,NA,2013-07-09,2013,NA,Afvangst,NA,NA,NA,NA,NA,NA,NA,NA,NA,09-07-2013_13353,5,Fuik 1,NA,NA,NA,NA,NA,NA,1,NA,NA,NA,dubbele fuik,0,0,1,1,1,0,0,1,NA,NA,NA,NA,1
NA,NA,2013-07-09,2013,NA,Afvangst,NA,NA,NA,NA,NA,NA,NA,NA,NA,09-07-2013_13353,5,Fuik 2,NA,NA,NA,NA,NA,NA,1,NA,NA,NA,dubbele fuik,0,0,1,1,1,0,0,1,NA,NA,NA,NA,1
NA,NA,2013-07-09,2013,NA,Afvangst,NA,NA,NA,NA,NA,NA,NA,NA,NA,09-07-2013_13353,5,Fuik 3,NA,NA,NA,NA,NA,NA,1,NA,NA,NA,dubbele fuik,0,0,1,1,1,0,0,1,NA,NA,NA,NA,1
NA,NA,2013-07-09,2013,NA,Afvangst,NA,NA,NA,NA,NA,NA,NA,NA,NA,09-07-2013_13353,5,Fuik 4,NA,NA,NA,NA,NA,NA,1,NA,NA,NA,dubbele fuik,0,0,1,1,1,0,0,1,NA,NA,NA,NA,1
NA,NA,2013-07-09,2013,NA,Afvangst,NA,NA,NA,NA,NA,NA,NA,NA,NA,09-07-2013_13353,5,Fuik 5,NA,NA,NA,NA,NA,NA,1,NA,NA,NA,dubbele fuik,0,0,1,1,1,0,0,1,NA,NA,NA,NA,1
NA,NA,2013-07-09,2013,NA,Afvangst,NA,NA,NA,NA,NA,NA,NA,NA,NA,09-07-2013_13357,1,Fuik 1,NA,NA,NA,NA,NA,1,NA,NA,NA,NA,dubbele fuik,0,0,1,1,1,0,0,1,NA,NA,NA,NA,1
NA,NA,2013-07-17,2013,NA,Afvangst,NA,NA,NA,NA,NA,NA,NA,NA,NA,17-07-2013_13357,2,Fuik 1,NA,NA,NA,NA,NA,1,NA,NA,NA,NA,dubbele fuik,0,0,1,1,1,0,0,1,NA,NA,NA,NA,1
NA,NA,2013-07-17,2013,NA,Afvangst,NA,NA,NA,NA,NA,NA,NA,NA,NA,17-07-2013_13357,2,Fuik 2,NA,NA,NA,NA,NA,NA,1,NA,NA,NA,dubbele fuik,0,0,1,1,1,0,0,1,NA,NA,NA,NA,1
NA,NA,2013-07-17,2013,NA,Afvangst,NA,NA,NA,NA,NA,NA,NA,NA,NA,17-07-2013_13353,3,Fuik 1,NA,NA,NA,NA,NA,1,NA,NA,NA,NA,dubbele fuik,0,0,1,1,1,0,0,1,NA,NA,NA,NA,1
NA,NA,2013-07-17,2013,NA,Afvangst,NA,NA,NA,NA,NA,NA,NA,NA,NA,17-07-2013_13353,3,Fuik 2,NA,NA,NA,NA,NA,NA,1,NA,NA,NA,dubbele fuik,0,0,1,1,1,0,0,1,NA,NA,NA,NA,1
NA,NA,2013-07-17,2013,NA,Afvangst,NA,NA,NA,NA,NA,NA,NA,NA,NA,17-07-2013_13353,3,Fuik 3,NA,NA,NA,NA,NA,NA,1,NA,NA,NA,dubbele fuik,0,0,1,1,1,0,0,1,NA,NA,NA,NA,1
NA,NA,2013-07-17,2013,NA,Afvangst,NA,NA,NA,NA,NA,NA,NA,NA,NA,17-07-2013_13360,1,Fuik 1,NA,15,15,23,NA,NA,NA,2,NA,NA,dubbele fuik,55,0,0,55,1,55,0,0,NA,NA,NA,NA,55
NA,NA,2013-07-17,2013,NA,Afvangst,NA,NA,NA,NA,NA,NA,NA,NA,NA,17-07-2013_13358,1,Fuik 1,NA,10,NA,11,NA,NA,NA,NA,NA,NA,dubbele fuik,21,0,0,21,1,21,0,0,NA,NA,NA,NA,21
NA,NA,2013-07-17,2013,NA,Afvangst,NA,NA,NA,NA,NA,NA,NA,NA,NA,17-07-2013_13355,1,Fuik 1,NA,NA,NA,NA,1,NA,NA,NA,NA,NA,dubbele fuik,0,1,0,1,1,0,1,0,NA,NA,NA,NA,1
NA,NA,2013-04-26,2013,NA,Afvangst,NA,NA,NA,NA,NA,NA,NA,NA,NA,26-04-2013_13358,2,Fuik 1,NA,26,21,9,NA,NA,NA,77,NA,NA,dubbele fuik,133,0,0,133,1,133,0,0,NA,NA,NA,NA,133
NA,NA,2013-04-26,2013,NA,Afvangst,NA,NA,NA,NA,NA,NA,NA,NA,NA,26-04-2013_13358,2,Fuik 2,NA,12,11,1,NA,NA,NA,56,NA,NA,dubbele fuik,80,0,0,80,1,80,0,0,NA,NA,NA,NA,80
NA,NA,2013-04-24,2013,NA,Afvangst,NA,NA,NA,NA,NA,NA,NA,NA,NA,24-04-2013_13361,2,Fuik 1,NA,3,6,2,NA,NA,NA,1,NA,NA,dubbele fuik,12,0,0,12,1,12,0,0,NA,NA,NA,NA,12
NA,NA,2013-04-24,2013,NA,Afvangst,NA,NA,NA,NA,NA,NA,NA,NA,NA,24-04-2013_13361,2,Fuik 2,NA,3,1,1,NA,NA,NA,NA,NA,NA,dubbele fuik,5,0,0,5,1,5,0,0,NA,NA,NA,NA,5
NA,NA,2013-04-26,2013,NA,Afvangst,NA,NA,NA,NA,NA,NA,NA,NA,NA,26-04-2013_13359,2,Fuik 1,NA,6,39,NA,NA,NA,NA,3,NA,NA,dubbele fuik,48,0,0,48,1,48,0,0,NA,NA,NA,NA,48
NA,NA,2013-04-26,2013,NA,Afvangst,NA,NA,NA,NA,NA,NA,NA,NA,NA,26-04-2013_13359,2,Fuik 2,NA,4,30,NA,NA,NA,NA,3,NA,NA,dubbele fuik,37,0,0,37,1,37,0,0,NA,NA,NA,NA,37
NA,NA,2013-04-25,2013,NA,Afvangst,NA,NA,NA,NA,NA,NA,NA,NA,NA,25-04-2013_13360,2,Fuik 1,NA,1,1,NA,NA,NA,NA,1,NA,NA,dubbele fuik,3,0,0,3,1,3,0,0,NA,NA,NA,NA,3
NA,NA,2013-04-25,2013,NA,Afvangst,NA,NA,NA,NA,NA,NA,NA,NA,NA,25-04-2013_13360,2,Fuik 2,NA,NA,NA,NA,NA,NA,NA,26,NA,NA,dubbele fuik,26,0,0,26,1,26,0,0,NA,NA,NA,NA,26
NA,NA,2013-04-25,2013,NA,Afvangst,NA,NA,NA,NA,NA,NA,NA,NA,NA,25-04-2013_13356,2,Fuik 1,NA,3,7,NA,NA,NA,NA,1,NA,NA,dubbele fuik,11,0,0,11,1,11,0,0,NA,NA,NA,NA,11
NA,NA,2013-04-25,2013,NA,Afvangst,NA,NA,NA,NA,NA,NA,NA,NA,NA,25-04-2013_13356,2,Fuik 2,NA,2,1,NA,NA,NA,NA,NA,NA,NA,dubbele fuik,3,0,0,3,1,3,0,0,NA,NA,NA,NA,3
NA,NA,2013-04-24,2013,NA,Afvangst,NA,NA,NA,NA,NA,NA,NA,NA,NA,24-04-2013_13354,1,Fuik 1,NA,NA,1,NA,NA,NA,NA,4,NA,NA,dubbele fuik,5,0,0,5,1,5,0,0,NA,NA,NA,NA,5
NA,NA,2013-04-26,2013,NA,Afvangst,NA,NA,NA,NA,NA,NA,NA,NA,NA,26-04-2013_13357,1,Fuik 1,NA,NA,NA,NA,NA,NA,NA,1,NA,NA,dubbele fuik,1,0,0,1,1,1,0,0,NA,NA,NA,NA,1
NA,NA,2013-04-24,2013,NA,Afvangst,NA,NA,NA,NA,NA,NA,NA,NA,NA,24-04-2013_13353,2,Fuik 1,NA,3,NA,20,NA,NA,1,NA,NA,NA,dubbele fuik,23,0,1,24,1,23,0,1,NA,NA,NA,NA,24
NA,NA,2013-04-24,2013,NA,Afvangst,NA,NA,NA,NA,NA,NA,NA,NA,NA,24-04-2013_13353,2,Fuik 2,NA,4,NA,13,NA,NA,NA,NA,NA,NA,dubbele fuik,17,0,0,17,1,17,0,0,NA,NA,NA,NA,17
NA,NA,2013-04-23,2013,NA,Afvangst,NA,NA,NA,NA,NA,NA,NA,NA,NA,23-04-2013_13362,3,Fuik 1,NA,1,NA,NA,NA,NA,NA,1,NA,NA,dubbele fuik,2,0,0,2,1,2,0,0,NA,NA,NA,NA,2
NA,NA,2013-04-23,2013,NA,Afvangst,NA,NA,NA,NA,NA,NA,NA,NA,NA,23-04-2013_13362,3,Fuik 2,NA,2,NA,3,NA,NA,NA,1,NA,NA,dubbele fuik,6,0,0,6,1,6,0,0,NA,NA,NA,NA,6
NA,NA,2013-04-23,2013,NA,Afvangst,NA,NA,NA,NA,NA,NA,NA,NA,NA,23-04-2013_13362,3,Fuik 3,NA,1,NA,NA,NA,NA,NA,NA,NA,NA,dubbele fuik,1,0,0,1,1,1,0,0,NA,NA,NA,NA,1
NA,NA,2012-07-25,2012,NA,Afvangst,NA,NA,NA,NA,NA,NA,NA,NA,NA,25-07-2012_13353,1,Fuik 1,NA,NA,NA,NA,NA,1,1,NA,NA,NA,dubbele fuik,0,0,2,2,1,0,0,2,NA,NA,NA,NA,2
NA,NA,2012-07-25,2012,NA,Afvangst,NA,NA,NA,NA,NA,NA,NA,NA,NA,25-07-2012_13354,1,Fuik 1,NA,NA,NA,NA,NA,1,1,NA,NA,NA,dubbele fuik,0,0,2,2,1,0,0,2,NA,NA,NA,NA,2
NA,NA,2012-07-13,2012,NA,Afvangst,NA,NA,NA,NA,NA,NA,NA,NA,NA,13-07-2012_13354,1,Fuik 1,NA,NA,NA,NA,NA,NA,2,NA,NA,NA,dubbele fuik,0,0,2,2,1,0,0,2,NA,NA,NA,NA,2
NA,NA,2012-07-13,2012,NA,Afvangst,NA,NA,NA,NA,NA,NA,NA,NA,NA,13-07-2012_13362,1,Fuik 1,NA,5,NA,2,NA,NA,NA,NA,1,NA,dubbele fuik,7,1,0,8,1,7,1,0,NA,NA,NA,NA,8
NA,NA,2012-07-12,2012,NA,Afvangst,NA,NA,NA,NA,NA,NA,NA,NA,NA,12-07-2012_13355,1,Fuik 1,NA,NA,NA,12,NA,NA,NA,NA,NA,NA,dubbele fuik,12,0,0,12,1,12,0,0,NA,NA,NA,NA,12
NA,NA,2012-07-12,2012,NA,Afvangst,NA,NA,NA,NA,NA,NA,NA,NA,NA,12-07-2012_13353,1,Fuik 1,NA,NA,NA,NA,NA,NA,NA,9,NA,NA,dubbele fuik,9,0,0,9,1,9,0,0,NA,NA,NA,NA,9
NA,NA,2012-07-11,2012,NA,Afvangst,NA,NA,NA,NA,NA,NA,NA,NA,NA,11-07-2012_13361,1,Fuik 1,NA,NA,NA,1,NA,NA,NA,200,NA,NA,dubbele fuik,201,0,0,201,1,201,0,0,NA,NA,NA,NA,201
NA,NA,2012-07-13,2012,NA,Afvangst,NA,NA,NA,NA,NA,NA,NA,NA,NA,13-07-2012_13353,1,Fuik 1,NA,NA,NA,NA,1,NA,NA,8,NA,NA,dubbele fuik,8,1,0,9,1,8,1,0,NA,NA,NA,NA,9
NA,NA,2012-07-13,2012,NA,Afvangst,NA,NA,NA,NA,NA,NA,NA,NA,NA,13-07-2012_13355,1,Fuik 1,NA,NA,NA,4,NA,NA,NA,NA,1,NA,dubbele fuik,4,1,0,5,1,4,1,0,NA,NA,NA,NA,5
NA,NA,2012-07-11,2012,NA,Afvangst,NA,NA,NA,NA,NA,NA,NA,NA,NA,11-07-2012_13353,1,Fuik 1,NA,NA,NA,NA,NA,NA,NA,5,NA,NA,dubbele fuik,5,0,0,5,1,5,0,0,NA,NA,NA,NA,5
NA,NA,2012-07-12,2012,NA,Afvangst,NA,NA,NA,NA,NA,NA,NA,NA,NA,12-07-2012_13362,1,Fuik 1,NA,4,NA,3,NA,NA,NA,NA,NA,NA,dubbele fuik,7,0,0,7,1,7,0,0,NA,NA,NA,NA,7
NA,NA,2012-07-11,2012,NA,Afvangst,NA,NA,NA,NA,NA,NA,NA,NA,NA,11-07-2012_13355,2,Fuik 1,NA,10,NA,20,NA,NA,NA,NA,1,NA,dubbele fuik,30,1,0,31,1,30,1,0,NA,NA,NA,NA,31
NA,NA,2012-07-11,2012,NA,Afvangst,NA,NA,NA,NA,NA,NA,NA,NA,NA,11-07-2012_13355,2,Fuik 2,NA,NA,NA,NA,NA,NA,1,NA,NA,NA,dubbele fuik,0,0,1,1,1,0,0,1,NA,NA,NA,NA,1
NA,NA,2012-07-10,2012,NA,Afvangst,NA,NA,NA,NA,NA,NA,NA,NA,NA,10-07-2012_13362,1,Fuik 1,NA,10,NA,9,NA,NA,NA,1,NA,NA,dubbele fuik,20,0,0,20,1,20,0,0,NA,NA,NA,NA,20
NA,NA,2012-07-12,2012,NA,Afvangst,NA,NA,NA,NA,NA,NA,NA,NA,NA,12-07-2012_13356,1,Fuik 1,NA,NA,NA,NA,NA,NA,NA,1,NA,NA,dubbele fuik,1,0,0,1,1,1,0,0,NA,NA,NA,NA,1
NA,NA,2012-07-12,2012,NA,Afvangst,NA,NA,NA,NA,NA,NA,NA,NA,NA,12-07-2012_13354,1,Fuik 1,NA,NA,NA,NA,NA,NA,NA,NA,NA,NA,dubbele fuik,NA,NA,NA,NA,1,NA,NA,NA,NA,NA,NA,NA,NA
NA,NA,2012-07-11,2012,NA,Afvangst,NA,NA,NA,NA,NA,NA,NA,NA,NA,11-07-2012_13354,1,Fuik 1,NA,NA,NA,NA,NA,NA,NA,NA,NA,NA,dubbele fuik,NA,NA,NA,NA,1,NA,NA,NA,NA,NA,NA,NA,NA
NA,NA,2012-07-12,2012,NA,Afvangst,NA,NA,NA,NA,NA,NA,NA,NA,NA,12-07-2012_13361,1,Fuik 1,NA,NA,NA,4,NA,NA,NA,300,NA,NA,dubbele fuik,304,0,0,304,1,304,0,0,NA,NA,NA,NA,304
NA,NA,2012-07-11,2012,NA,Afvangst,NA,NA,NA,NA,NA,NA,NA,NA,NA,11-07-2012_13362,1,Fuik 1,NA,2,1,2,NA,NA,NA,1,NA,NA,dubbele fuik,6,0,0,6,1,6,0,0,NA,NA,NA,NA,6
NA,NA,2012-07-13,2012,NA,Afvangst,NA,NA,NA,NA,NA,NA,NA,NA,NA,13-07-2012_13361,1,Fuik 1,NA,NA,NA,2,NA,NA,NA,1000,NA,NA,dubbele fuik,1002,0,0,1002,1,1002,0,0,NA,NA,NA,NA,1002
NA,NA,2012-07-12,2012,NA,Afvangst,NA,NA,NA,NA,NA,NA,NA,NA,NA,12-07-2012_13357,1,Fuik 1,NA,1,NA,NA,2,NA,NA,NA,NA,NA,dubbele fuik,1,2,0,3,1,1,2,0,NA,NA,NA,NA,3
NA,NA,2012-07-12,2012,NA,Afvangst,NA,NA,NA,NA,NA,NA,NA,NA,NA,12-07-2012_13358,1,Fuik 1,NA,22,7,19,NA,1,NA,NA,2,NA,dubbele fuik,48,2,1,51,1,48,2,1,NA,NA,NA,NA,51
NA,NA,2012-07-11,2012,NA,Afvangst,NA,NA,NA,NA,NA,NA,NA,NA,NA,11-07-2012_13358,1,Fuik 1,NA,15,10,10,NA,NA,NA,NA,1,NA,dubbele fuik,35,1,0,36,1,35,1,0,NA,NA,NA,NA,36
NA,NA,2012-07-10,2012,NA,Afvangst,NA,NA,NA,NA,NA,NA,NA,NA,NA,10-07-2012_13361,1,Fuik 1,NA,NA,NA,4,NA,2,NA,29,1,NA,dubbele fuik,33,1,2,36,1,33,1,2,NA,NA,NA,NA,36
NA,NA,2012-07-06,2012,NA,Afvangst,NA,NA,NA,NA,NA,NA,NA,NA,NA,06-07-2012_13354,1,Fuik 1,NA,NA,NA,NA,NA,1,2,NA,NA,NA,dubbele fuik,0,0,3,3,1,0,0,3,NA,NA,NA,NA,3
NA,NA,2012-07-12,2012,NA,Afvangst,NA,NA,NA,NA,NA,NA,NA,NA,NA,12-07-2012_13359,1,Fuik 1,NA,31,161,13,1,NA,NA,36,5,NA,dubbele fuik,241,6,0,247,1,241,6,0,NA,NA,NA,NA,247
NA,NA,2012-07-11,2012,NA,Afvangst,NA,NA,NA,NA,NA,NA,NA,NA,NA,11-07-2012_13360,1,Fuik 1,NA,NA,NA,NA,NA,NA,NA,NA,NA,NA,dubbele fuik,NA,NA,NA,NA,1,NA,NA,NA,NA,NA,NA,NA,NA
NA,NA,2012-07-10,2012,NA,Afvangst,NA,NA,NA,NA,NA,NA,NA,NA,NA,10-07-2012_13359,1,Fuik 1,NA,13,261,26,NA,NA,NA,NA,NA,NA,dubbele fuik,300,0,0,300,1,300,0,0,NA,NA,NA,NA,300
NA,NA,2012-07-10,2012,NA,Afvangst,NA,NA,NA,NA,NA,NA,NA,NA,NA,10-07-2012_13355,1,Fuik 1,NA,13,NA,62,NA,NA,NA,NA,NA,NA,dubbele fuik,75,0,0,75,1,75,0,0,NA,NA,NA,NA,75
NA,NA,2012-07-06,2012,NA,Afvangst,NA,NA,NA,NA,NA,NA,NA,NA,NA,06-07-2012_13355,1,Fuik 1,NA,2,NA,2,NA,NA,2,NA,1,NA,dubbele fuik,4,1,2,7,1,4,1,2,NA,NA,NA,NA,7
NA,NA,2012-07-05,2012,NA,Afvangst,NA,NA,NA,NA,NA,NA,NA,NA,NA,05-07-2012_13362,1,Fuik 1,NA,86,20,20,1,NA,NA,NA,NA,NA,dubbele fuik,126,1,0,127,1,126,1,0,NA,NA,NA,NA,127
NA,NA,2012-07-10,2012,NA,Afvangst,NA,NA,NA,NA,NA,NA,NA,NA,NA,10-07-2012_13354,1,Fuik 1,NA,NA,NA,NA,NA,NA,1,NA,NA,NA,dubbele fuik,0,0,1,1,1,0,0,1,NA,NA,NA,NA,1
NA,NA,2012-07-11,2012,NA,Afvangst,NA,NA,NA,NA,NA,NA,NA,NA,NA,11-07-2012_13359,1,Fuik 1,NA,36,228,24,NA,NA,NA,NA,12,NA,dubbele fuik,288,12,0,300,1,288,12,0,NA,NA,NA,NA,300
NA,NA,2012-07-06,2012,NA,Afvangst,NA,NA,NA,NA,NA,NA,NA,NA,NA,06-07-2012_13356,1,Fuik 1,NA,NA,NA,NA,NA,NA,NA,NA,NA,NA,dubbele fuik,NA,NA,NA,NA,1,NA,NA,NA,NA,NA,NA,NA,NA
NA,NA,2012-07-10,2012,NA,Afvangst,NA,NA,NA,NA,NA,NA,NA,NA,NA,10-07-2012_13357,1,Fuik 1,NA,NA,NA,NA,2,NA,NA,NA,NA,NA,dubbele fuik,0,2,0,2,1,0,2,0,NA,NA,NA,NA,2
NA,NA,2012-07-10,2012,NA,Afvangst,NA,NA,NA,NA,NA,NA,NA,NA,NA,10-07-2012_13358,1,Fuik 1,NA,93,114,83,NA,NA,1,NA,10,NA,dubbele fuik,290,10,1,301,1,290,10,1,NA,NA,NA,NA,301
NA,NA,2012-07-05,2012,NA,Afvangst,NA,NA,NA,NA,NA,NA,NA,NA,NA,05-07-2012_13361,1,Fuik 1,NA,NA,10,14,1,1,NA,NA,NA,NA,dubbele fuik,24,1,1,26,1,24,1,1,NA,NA,NA,NA,26
NA,NA,2012-07-05,2012,NA,Afvangst,NA,NA,NA,NA,NA,NA,NA,NA,NA,05-07-2012_13353,1,Fuik 1,NA,NA,NA,NA,NA,1,1,5,NA,NA,dubbele fuik,5,0,2,7,1,5,0,2,NA,NA,NA,NA,7
NA,NA,2012-07-05,2012,NA,Afvangst,NA,NA,NA,NA,NA,NA,NA,NA,NA,05-07-2012_13360,1,Fuik 1,NA,NA,NA,NA,NA,NA,NA,NA,NA,NA,dubbele fuik,NA,NA,NA,NA,1,NA,NA,NA,NA,NA,NA,NA,NA
NA,NA,2012-07-05,2012,NA,Afvangst,NA,NA,NA,NA,NA,NA,NA,NA,NA,05-07-2012_13359,1,Fuik 1,NA,8,21,3,NA,NA,NA,NA,NA,NA,dubbele fuik,32,0,0,32,1,32,0,0,NA,NA,NA,NA,32
NA,NA,2012-07-06,2012,NA,Afvangst,NA,NA,NA,NA,NA,NA,NA,NA,NA,06-07-2012_13362,1,Fuik 1,NA,27,NA,13,NA,1,NA,NA,NA,NA,dubbele fuik,40,0,1,41,1,40,0,1,NA,NA,NA,NA,41
NA,NA,2012-07-05,2012,NA,Afvangst,NA,NA,NA,NA,NA,NA,NA,NA,NA,05-07-2012_13358,1,Fuik 1,NA,59,151,33,1,NA,NA,NA,7,NA,dubbele fuik,243,8,0,251,1,243,8,0,NA,NA,NA,NA,251
NA,NA,2012-07-05,2012,NA,Afvangst,NA,NA,NA,NA,NA,NA,NA,NA,NA,05-07-2012_13354,1,Fuik 1,NA,NA,NA,NA,NA,NA,NA,NA,NA,NA,dubbele fuik,NA,NA,NA,NA,1,NA,NA,NA,NA,NA,NA,NA,NA
NA,NA,2012-07-04,2012,NA,Afvangst,NA,NA,NA,NA,NA,NA,NA,NA,NA,04-07-2012_13355,1,Fuik 1,NA,9,NA,8,NA,NA,NA,NA,NA,NA,dubbele fuik,17,0,0,17,1,17,0,0,NA,NA,NA,NA,17
NA,NA,2012-07-04,2012,NA,Afvangst,NA,NA,NA,NA,NA,NA,NA,NA,NA,04-07-2012_13359,1,Fuik 1,NA,NA,NA,NA,NA,NA,NA,NA,NA,NA,dubbele fuik,NA,NA,NA,NA,1,NA,NA,NA,NA,NA,NA,NA,NA
NA,NA,2012-07-04,2012,NA,Afvangst,NA,NA,NA,NA,NA,NA,NA,NA,NA,04-07-2012_13361,1,Fuik 1,NA,3,NA,4,NA,1,NA,NA,NA,NA,dubbele fuik,7,0,1,8,1,7,0,1,NA,NA,NA,NA,8
NA,NA,2012-07-05,2012,NA,Afvangst,NA,NA,NA,NA,NA,NA,NA,NA,NA,05-07-2012_13356,1,Fuik 1,NA,NA,NA,NA,NA,1,NA,NA,NA,NA,dubbele fuik,0,0,1,1,1,0,0,1,NA,NA,NA,NA,1
NA,NA,2012-07-04,2012,NA,Afvangst,NA,NA,NA,NA,NA,NA,NA,NA,NA,04-07-2012_13356,1,Fuik 1,NA,NA,NA,NA,NA,NA,NA,NA,NA,NA,dubbele fuik,NA,NA,NA,NA,1,NA,NA,NA,NA,NA,NA,NA,NA
NA,NA,2012-07-04,2012,NA,Afvangst,NA,NA,NA,NA,NA,NA,NA,NA,NA,04-07-2012_13353,1,Fuik 1,NA,NA,NA,NA,NA,1,3,NA,NA,NA,dubbele fuik,0,0,4,4,1,0,0,4,NA,NA,NA,NA,4
NA,NA,2012-07-03,2012,NA,Afvangst,NA,NA,NA,NA,NA,NA,NA,NA,NA,03-07-2012_13361,1,Fuik 1,NA,6,NA,15,NA,NA,NA,14,NA,NA,dubbele fuik,35,0,0,35,1,35,0,0,NA,NA,NA,NA,35
NA,NA,2012-07-03,2012,NA,Afvangst,NA,NA,NA,NA,NA,NA,NA,NA,NA,03-07-2012_13355,1,Fuik 1,NA,30,NA,34,NA,NA,1,NA,1,NA,dubbele fuik,64,1,1,66,1,64,1,1,NA,NA,NA,NA,66
NA,NA,2012-07-04,2012,NA,Afvangst,NA,NA,NA,NA,NA,NA,NA,NA,NA,04-07-2012_13354,1,Fuik 1,NA,NA,NA,NA,NA,NA,2,NA,NA,NA,dubbele fuik,0,0,2,2,1,0,0,2,NA,NA,NA,NA,2
NA,NA,2012-07-04,2012,NA,Afvangst,NA,NA,NA,NA,NA,NA,NA,NA,NA,04-07-2012_13362,2,Fuik 1,NA,34,NA,12,NA,NA,NA,NA,1,NA,dubbele fuik,46,1,0,47,1,46,1,0,NA,NA,NA,NA,47
NA,NA,2012-07-04,2012,NA,Afvangst,NA,NA,NA,NA,NA,NA,NA,NA,NA,04-07-2012_13362,2,Fuik 2,NA,81,74,44,NA,1,NA,NA,NA,NA,dubbele fuik,199,0,1,200,1,199,0,1,NA,NA,NA,NA,200
NA,NA,2012-07-03,2012,NA,Afvangst,NA,NA,NA,NA,NA,NA,NA,NA,NA,03-07-2012_13353,1,Fuik 1,NA,NA,NA,NA,NA,4,7,NA,NA,NA,dubbele fuik,0,0,11,11,1,0,0,11,NA,NA,NA,NA,11
NA,NA,2012-06-29,2012,NA,Afvangst,NA,NA,NA,NA,NA,NA,NA,NA,NA,29-06-2012_13373,1,Fuik 1,NA,1,NA,1,NA,NA,NA,NA,NA,NA,dubbele fuik,2,0,0,2,1,2,0,0,NA,NA,NA,NA,2
NA,NA,2012-06-29,2012,NA,Afvangst,NA,NA,NA,NA,NA,NA,NA,NA,NA,29-06-2012_13354,1,Fuik 1,NA,NA,NA,NA,NA,1,2,NA,NA,NA,dubbele fuik,0,0,3,3,1,0,0,3,NA,NA,NA,NA,3
NA,NA,2012-07-03,2012,NA,Afvangst,NA,NA,NA,NA,NA,NA,NA,NA,NA,03-07-2012_13362,1,Fuik 1,NA,94,16,16,NA,NA,NA,NA,NA,NA,dubbele fuik,126,0,0,126,1,126,0,0,NA,NA,NA,NA,126
NA,NA,2012-07-03,2012,NA,Afvangst,NA,NA,NA,NA,NA,NA,NA,NA,NA,03-07-2012_13354,1,Fuik 1,NA,1,1,4,NA,1,1,NA,NA,NA,dubbele fuik,6,0,2,8,1,6,0,2,NA,NA,NA,NA,8
NA,NA,2012-06-28,2012,NA,Afvangst,NA,NA,NA,NA,NA,NA,NA,NA,NA,28-06-2012_13354,1,Fuik 1,NA,NA,NA,3,NA,1,2,NA,NA,NA,dubbele fuik,3,0,3,6,1,3,0,3,NA,NA,NA,NA,6
NA,NA,2012-07-03,2012,NA,Afvangst,NA,NA,NA,NA,NA,NA,NA,NA,NA,03-07-2012_13357,1,Fuik 1,NA,NA,NA,NA,NA,1,NA,NA,NA,NA,dubbele fuik,0,0,1,1,1,0,0,1,NA,NA,NA,NA,1
NA,NA,2012-06-28,2012,NA,Afvangst,NA,NA,NA,NA,NA,NA,NA,NA,NA,28-06-2012_13356,1,Fuik 1,NA,NA,NA,NA,NA,NA,3,NA,NA,NA,dubbele fuik,0,0,3,3,1,0,0,3,NA,NA,NA,NA,3
NA,NA,2012-07-03,2012,NA,Afvangst,NA,NA,NA,NA,NA,NA,NA,NA,NA,03-07-2012_13358,1,Fuik 1,NA,57,398,95,NA,3,NA,NA,NA,NA,dubbele fuik,550,0,3,553,1,550,0,3,NA,NA,NA,NA,553
NA,NA,2012-06-29,2012,NA,Afvangst,NA,NA,NA,NA,NA,NA,NA,NA,NA,29-06-2012_13355,1,Fuik 1,NA,6,NA,4,NA,1,NA,NA,NA,NA,dubbele fuik,10,0,1,11,1,10,0,1,NA,NA,NA,NA,11
NA,NA,2012-07-04,2012,NA,Afvangst,NA,NA,NA,NA,NA,NA,NA,NA,NA,04-07-2012_13357,1,Fuik 1,NA,1,NA,NA,NA,NA,NA,NA,NA,NA,dubbele fuik,1,0,0,1,1,1,0,0,NA,NA,NA,NA,1
NA,NA,2012-06-28,2012,NA,Afvangst,NA,NA,NA,NA,NA,NA,NA,NA,NA,28-06-2012_13362,2,Fuik 1,NA,1,NA,6,NA,NA,1,NA,NA,NA,dubbele fuik,7,0,1,8,1,7,0,1,NA,NA,NA,NA,8
NA,NA,2012-06-28,2012,NA,Afvangst,NA,NA,NA,NA,NA,NA,NA,NA,NA,28-06-2012_13362,2,Fuik 2,NA,16,8,5,NA,1,1,NA,NA,NA,dubbele fuik,29,0,2,31,1,29,0,2,NA,NA,NA,NA,31
NA,NA,2012-06-29,2012,NA,Afvangst,NA,NA,NA,NA,NA,NA,NA,NA,NA,29-06-2012_13361,1,Fuik 1,NA,3,NA,13,1,NA,1,NA,NA,NA,dubbele fuik,16,1,1,18,1,16,1,1,NA,NA,NA,NA,18
NA,NA,2012-07-03,2012,NA,Afvangst,NA,NA,NA,NA,NA,NA,NA,NA,NA,03-07-2012_13356,1,Fuik 1,NA,NA,NA,NA,NA,NA,1,NA,NA,NA,dubbele fuik,0,0,1,1,1,0,0,1,NA,NA,NA,NA,1
NA,NA,2012-06-28,2012,NA,Afvangst,NA,NA,NA,NA,NA,NA,NA,NA,NA,28-06-2012_13360,1,Fuik 1,NA,NA,NA,NA,NA,1,NA,NA,NA,NA,dubbele fuik,0,0,1,1,1,0,0,1,NA,NA,NA,NA,1
NA,NA,2012-06-29,2012,NA,Afvangst,NA,NA,NA,NA,NA,NA,NA,NA,NA,29-06-2012_13362,1,Fuik 1,NA,31,12,19,NA,NA,1,NA,NA,NA,dubbele fuik,62,0,1,63,1,62,0,1,NA,NA,NA,NA,63
NA,NA,2012-06-28,2012,NA,Afvangst,NA,NA,NA,NA,NA,NA,NA,NA,NA,28-06-2012_13355,1,Fuik 1,NA,6,1,4,NA,NA,NA,NA,NA,NA,dubbele fuik,11,0,0,11,1,11,0,0,NA,NA,NA,NA,11
NA,NA,2012-06-28,2012,NA,Afvangst,NA,NA,NA,NA,NA,NA,NA,NA,NA,28-06-2012_13357,1,Fuik 1,NA,NA,NA,NA,NA,1,NA,NA,1,NA,dubbele fuik,0,1,1,2,1,0,1,1,NA,NA,NA,NA,2
NA,NA,2012-06-27,2012,NA,Afvangst,NA,NA,NA,NA,NA,NA,NA,NA,NA,27-06-2012_13373,1,Fuik 1,NA,NA,NA,1,NA,NA,NA,NA,NA,NA,dubbele fuik,1,0,0,1,1,1,0,0,NA,NA,NA,NA,1
NA,NA,2012-07-03,2012,NA,Afvangst,NA,NA,NA,NA,NA,NA,NA,NA,NA,03-07-2012_13359,1,Fuik 1,NA,4,62,9,NA,NA,NA,NA,NA,NA,dubbele fuik,75,0,0,75,1,75,0,0,NA,NA,NA,NA,75
NA,NA,2012-06-27,2012,NA,Afvangst,NA,NA,NA,NA,NA,NA,NA,NA,NA,27-06-2012_13362,1,Fuik 1,NA,45,14,16,NA,NA,NA,NA,NA,NA,dubbele fuik,75,0,0,75,1,75,0,0,NA,NA,NA,NA,75
NA,NA,2012-06-27,2012,NA,Afvangst,NA,NA,NA,NA,NA,NA,NA,NA,NA,27-06-2012_13354,1,Fuik 1,NA,1,NA,5,NA,NA,NA,NA,NA,NA,dubbele fuik,6,0,0,6,1,6,0,0,NA,NA,NA,NA,6
NA,NA,2012-06-28,2012,NA,Afvangst,NA,NA,NA,NA,NA,NA,NA,NA,NA,28-06-2012_13359,1,Fuik 1,NA,19,245,5,NA,1,NA,31,NA,NA,dubbele fuik,300,0,1,301,1,300,0,1,NA,NA,NA,NA,301
NA,NA,2012-06-27,2012,NA,Afvangst,NA,NA,NA,NA,NA,NA,NA,NA,NA,27-06-2012_13361,1,Fuik 1,NA,4,NA,16,NA,1,NA,NA,NA,NA,dubbele fuik,20,0,1,21,1,20,0,1,NA,NA,NA,NA,21
NA,NA,2012-06-27,2012,NA,Afvangst,NA,NA,NA,NA,NA,NA,NA,NA,NA,27-06-2012_13355,1,Fuik 1,NA,3,NA,8,NA,NA,NA,NA,NA,NA,dubbele fuik,11,0,0,11,1,11,0,0,NA,NA,NA,NA,11
NA,NA,2012-06-28,2012,NA,Afvangst,NA,NA,NA,NA,NA,NA,NA,NA,NA,28-06-2012_13358,1,Fuik 1,NA,72,84,44,NA,NA,1,NA,NA,NA,dubbele fuik,200,0,1,201,1,200,0,1,NA,NA,NA,NA,201
NA,NA,2012-06-27,2012,NA,Afvangst,NA,NA,NA,NA,NA,NA,NA,NA,NA,27-06-2012_13356,1,Fuik 1,NA,NA,NA,NA,NA,NA,3,NA,NA,NA,dubbele fuik,0,0,3,3,1,0,0,3,NA,NA,NA,NA,3
NA,NA,2012-06-26,2012,NA,Afvangst,NA,NA,NA,NA,NA,NA,NA,NA,NA,26-06-2012_13373,1,Fuik 1,NA,NA,NA,1,NA,NA,NA,NA,NA,NA,dubbele fuik,1,0,0,1,1,1,0,0,NA,NA,NA,NA,1
NA,NA,2012-06-27,2012,NA,Afvangst,NA,NA,NA,NA,NA,NA,NA,NA,NA,27-06-2012_13359,1,Fuik 1,NA,62,406,21,NA,NA,NA,111,NA,NA,dubbele fuik,600,0,0,600,1,600,0,0,NA,NA,NA,NA,600
NA,NA,2012-06-26,2012,NA,Afvangst,NA,NA,NA,NA,NA,NA,NA,NA,NA,26-06-2012_13356,2,Fuik 1,NA,NA,NA,5,NA,NA,NA,2,NA,NA,dubbele fuik,7,0,0,7,1,7,0,0,NA,NA,NA,NA,7
NA,NA,2012-06-26,2012,NA,Afvangst,NA,NA,NA,NA,NA,NA,NA,NA,NA,26-06-2012_13356,2,Fuik 2,NA,NA,NA,NA,NA,NA,3,NA,NA,NA,dubbele fuik,0,0,3,3,1,0,0,3,NA,NA,NA,NA,3
NA,NA,2012-06-22,2012,NA,Afvangst,NA,NA,NA,NA,NA,NA,NA,NA,NA,22-06-2012_13353,1,Fuik 1,NA,NA,NA,NA,NA,NA,1,NA,NA,NA,dubbele fuik,0,0,1,1,1,0,0,1,NA,NA,NA,NA,1
NA,NA,2012-06-26,2012,NA,Afvangst,NA,NA,NA,NA,NA,NA,NA,NA,NA,26-06-2012_13362,1,Fuik 1,NA,47,19,13,NA,NA,NA,NA,1,NA,dubbele fuik,79,1,0,80,1,79,1,0,NA,NA,NA,NA,80
NA,NA,2012-06-27,2012,NA,Afvangst,NA,NA,NA,NA,NA,NA,NA,NA,NA,27-06-2012_13357,1,Fuik 1,NA,1,NA,5,NA,NA,NA,NA,NA,NA,dubbele fuik,6,0,0,6,1,6,0,0,NA,NA,NA,NA,6
NA,NA,2012-06-26,2012,NA,Afvangst,NA,NA,NA,NA,NA,NA,NA,NA,NA,26-06-2012_13357,1,Fuik 1,NA,2,NA,NA,NA,1,1,NA,NA,NA,dubbele fuik,2,0,2,4,1,2,0,2,NA,NA,NA,NA,4
NA,NA,2012-06-26,2012,NA,Afvangst,NA,NA,NA,NA,NA,NA,NA,NA,NA,26-06-2012_13358,1,Fuik 1,NA,137,212,79,NA,NA,NA,NA,4,NA,dubbele fuik,428,4,0,432,1,428,4,0,NA,NA,NA,NA,432
NA,NA,2012-06-22,2012,NA,Afvangst,NA,NA,NA,NA,NA,NA,NA,NA,NA,22-06-2012_13355,1,Fuik 1,NA,3,NA,2,NA,NA,NA,NA,NA,NA,dubbele fuik,5,0,0,5,1,5,0,0,NA,NA,NA,NA,5
NA,NA,2012-06-27,2012,NA,Afvangst,NA,NA,NA,NA,NA,NA,NA,NA,NA,27-06-2012_13358,1,Fuik 1,NA,100,136,10,NA,NA,2,NA,4,NA,dubbele fuik,246,4,2,252,1,246,4,2,NA,NA,NA,NA,252
NA,NA,2012-06-26,2012,NA,Afvangst,NA,NA,NA,NA,NA,NA,NA,NA,NA,26-06-2012_13361,1,Fuik 1,NA,3,NA,5,NA,1,NA,NA,NA,NA,dubbele fuik,8,0,1,9,1,8,0,1,NA,NA,NA,NA,9
NA,NA,2012-06-22,2012,NA,Afvangst,NA,NA,NA,NA,NA,NA,NA,NA,NA,22-06-2012_13362,1,Fuik 1,NA,12,2,5,NA,NA,NA,NA,1,NA,dubbele fuik,19,1,0,20,1,19,1,0,NA,NA,NA,NA,20
NA,NA,2012-06-26,2012,NA,Afvangst,NA,NA,NA,NA,NA,NA,NA,NA,NA,26-06-2012_13359,1,Fuik 1,NA,75,574,26,NA,NA,NA,79,1,NA,dubbele fuik,754,1,0,755,1,754,1,0,NA,NA,NA,NA,755
NA,NA,2012-06-21,2012,NA,Afvangst,NA,NA,NA,NA,NA,NA,NA,NA,NA,21-06-2012_13355,1,Fuik 1,NA,7,NA,4,NA,NA,NA,NA,NA,NA,dubbele fuik,11,0,0,11,1,11,0,0,NA,NA,NA,NA,11
NA,NA,2012-06-21,2012,NA,Afvangst,NA,NA,NA,NA,NA,NA,NA,NA,NA,21-06-2012_13356,1,Fuik 1,NA,NA,NA,NA,NA,NA,1,NA,NA,NA,dubbele fuik,0,0,1,1,1,0,0,1,NA,NA,NA,NA,1
NA,NA,2012-06-26,2012,NA,Afvangst,NA,NA,NA,NA,NA,NA,NA,NA,NA,26-06-2012_13355,1,Fuik 1,NA,3,NA,5,NA,1,1,NA,NA,NA,dubbele fuik,8,0,2,10,1,8,0,2,NA,NA,NA,NA,10
NA,NA,2012-06-22,2012,NA,Afvangst,NA,NA,NA,NA,NA,NA,NA,NA,NA,22-06-2012_13354,1,Fuik 1,NA,NA,NA,NA,NA,1,NA,NA,NA,NA,dubbele fuik,0,0,1,1,1,0,0,1,NA,NA,NA,NA,1
NA,NA,2012-06-21,2012,NA,Afvangst,NA,NA,NA,NA,NA,NA,NA,NA,NA,21-06-2012_13361,1,Fuik 1,NA,NA,NA,10,NA,NA,NA,NA,NA,NA,dubbele fuik,10,0,0,10,1,10,0,0,NA,NA,NA,NA,10
NA,NA,2012-06-21,2012,NA,Afvangst,NA,NA,NA,NA,NA,NA,NA,NA,NA,21-06-2012_13353,1,Fuik 1,NA,NA,NA,2,1,NA,NA,NA,NA,NA,dubbele fuik,2,1,0,3,1,2,1,0,NA,NA,NA,NA,3
NA,NA,2012-06-20,2012,NA,Afvangst,NA,NA,NA,NA,NA,NA,NA,NA,NA,20-06-2012_13361,1,Fuik 1,NA,3,NA,5,NA,2,NA,NA,NA,NA,dubbele fuik,8,0,2,10,1,8,0,2,NA,NA,NA,NA,10
NA,NA,2012-06-21,2012,NA,Afvangst,NA,NA,NA,NA,NA,NA,NA,NA,NA,21-06-2012_13359,1,Fuik 1,NA,31,229,9,NA,NA,NA,70,NA,NA,dubbele fuik,339,0,0,339,1,339,0,0,NA,NA,NA,NA,339
NA,NA,2012-06-21,2012,NA,Afvangst,NA,NA,NA,NA,NA,NA,NA,NA,NA,21-06-2012_13362,1,Fuik 1,NA,14,4,6,NA,NA,2,NA,1,NA,dubbele fuik,24,1,2,27,1,24,1,2,NA,NA,NA,NA,27
NA,NA,2012-06-20,2012,NA,Afvangst,NA,NA,NA,NA,NA,NA,NA,NA,NA,20-06-2012_13362,1,Fuik 1,NA,7,5,4,NA,NA,NA,NA,NA,NA,dubbele fuik,16,0,0,16,1,16,0,0,NA,NA,NA,NA,16
NA,NA,2012-06-21,2012,NA,Afvangst,NA,NA,NA,NA,NA,NA,NA,NA,NA,21-06-2012_13358,1,Fuik 1,NA,83,NA,45,NA,1,NA,119,1,NA,dubbele fuik,247,1,1,249,1,247,1,1,NA,NA,NA,NA,249
NA,NA,2012-06-20,2012,NA,Afvangst,NA,NA,NA,NA,NA,NA,NA,NA,NA,20-06-2012_13355,1,Fuik 1,NA,3,2,5,NA,NA,NA,NA,NA,NA,dubbele fuik,10,0,0,10,1,10,0,0,NA,NA,NA,NA,10
NA,NA,2012-06-20,2012,NA,Afvangst,NA,NA,NA,NA,NA,NA,NA,NA,NA,20-06-2012_13353,1,Fuik 1,NA,NA,NA,1,NA,NA,NA,NA,1,NA,dubbele fuik,1,1,0,2,1,1,1,0,NA,NA,NA,NA,2
NA,NA,2012-06-21,2012,NA,Afvangst,NA,NA,NA,NA,NA,NA,NA,NA,NA,21-06-2012_13354,1,Fuik 1,NA,NA,NA,NA,NA,NA,2,NA,NA,NA,dubbele fuik,0,0,2,2,1,0,0,2,NA,NA,NA,NA,2
NA,NA,2012-06-21,2012,NA,Afvangst,NA,NA,NA,NA,NA,NA,NA,NA,NA,21-06-2012_13360,1,Fuik 1,NA,NA,NA,NA,NA,NA,1,NA,NA,NA,dubbele fuik,0,0,1,1,1,0,0,1,NA,NA,NA,NA,1
NA,NA,2012-06-20,2012,NA,Afvangst,NA,NA,NA,NA,NA,NA,NA,NA,NA,20-06-2012_13354,1,Fuik 1,NA,NA,NA,5,NA,2,NA,NA,NA,NA,dubbele fuik,5,0,2,7,1,5,0,2,NA,NA,NA,NA,7
NA,NA,2012-06-21,2012,NA,Afvangst,NA,NA,NA,NA,NA,NA,NA,NA,NA,21-06-2012_13357,1,Fuik 1,NA,1,NA,1,NA,1,NA,NA,NA,NA,dubbele fuik,2,0,1,3,1,2,0,1,NA,NA,NA,NA,3
NA,NA,2012-06-20,2012,NA,Afvangst,NA,NA,NA,NA,NA,NA,NA,NA,NA,20-06-2012_13358,1,Fuik 1,NA,59,110,51,NA,NA,NA,45,NA,NA,dubbele fuik,265,0,0,265,1,265,0,0,NA,NA,NA,NA,265
NA,NA,2012-06-19,2012,NA,Afvangst,NA,NA,NA,NA,NA,NA,NA,NA,NA,19-06-2012_13353,1,Fuik 1,NA,NA,NA,NA,NA,NA,NA,NA,NA,NA,dubbele fuik,NA,NA,NA,NA,1,NA,NA,NA,NA,NA,NA,NA,NA
NA,NA,2012-06-19,2012,NA,Afvangst,NA,NA,NA,NA,NA,NA,NA,NA,NA,19-06-2012_13361,2,Fuik 1,NA,3,1,6,NA,1,1,NA,NA,NA,dubbele fuik,10,0,2,12,1,10,0,2,NA,NA,NA,NA,12
NA,NA,2012-06-19,2012,NA,Afvangst,NA,NA,NA,NA,NA,NA,NA,NA,NA,19-06-2012_13361,2,Fuik 2,NA,40,12,22,NA,2,NA,NA,NA,NA,dubbele fuik,74,0,2,76,1,74,0,2,NA,NA,NA,NA,76
NA,NA,2012-06-19,2012,NA,Afvangst,NA,NA,NA,NA,NA,NA,NA,NA,NA,19-06-2012_13362,1,Fuik 1,NA,8,25,10,NA,NA,1,NA,NA,NA,dubbele fuik,43,0,1,44,1,43,0,1,NA,NA,NA,NA,44
NA,NA,2012-06-20,2012,NA,Afvangst,NA,NA,NA,NA,NA,NA,NA,NA,NA,20-06-2012_13356,1,Fuik 1,NA,NA,NA,NA,NA,1,3,NA,NA,NA,dubbele fuik,0,0,4,4,1,0,0,4,NA,NA,NA,NA,4
NA,NA,2012-06-19,2012,NA,Afvangst,NA,NA,NA,NA,NA,NA,NA,NA,NA,19-06-2012_13356,1,Fuik 1,NA,NA,NA,NA,NA,1,NA,NA,NA,NA,dubbele fuik,0,0,1,1,1,0,0,1,NA,NA,NA,NA,1
NA,NA,2012-06-20,2012,NA,Afvangst,NA,NA,NA,NA,NA,NA,NA,NA,NA,20-06-2012_13359,1,Fuik 1,NA,13,109,10,NA,NA,1,207,NA,NA,dubbele fuik,339,0,1,340,1,339,0,1,NA,NA,NA,NA,340
NA,NA,2012-06-19,2012,NA,Afvangst,NA,NA,NA,NA,NA,NA,NA,NA,NA,19-06-2012_13354,1,Fuik 1,NA,2,2,4,NA,NA,NA,NA,NA,NA,dubbele fuik,8,0,0,8,1,8,0,0,NA,NA,NA,NA,8
NA,NA,2012-06-19,2012,NA,Afvangst,NA,NA,NA,NA,NA,NA,NA,NA,NA,19-06-2012_13360,1,Fuik 1,NA,NA,NA,NA,NA,NA,1,NA,NA,NA,dubbele fuik,0,0,1,1,1,0,0,1,NA,NA,NA,NA,1
NA,NA,2012-06-20,2012,NA,Afvangst,NA,NA,NA,NA,NA,NA,NA,NA,NA,20-06-2012_13357,1,Fuik 1,NA,NA,3,3,NA,1,1,NA,1,NA,dubbele fuik,6,1,2,9,1,6,1,2,NA,NA,NA,NA,9
NA,NA,2012-06-19,2012,NA,Afvangst,NA,NA,NA,NA,NA,NA,NA,NA,NA,19-06-2012_13357,1,Fuik 1,NA,6,4,17,NA,2,2,NA,5,NA,dubbele fuik,27,5,4,36,1,27,5,4,NA,NA,NA,NA,36
NA,NA,2012-06-19,2012,NA,Afvangst,NA,NA,NA,NA,NA,NA,NA,NA,NA,19-06-2012_13359,1,Fuik 1,NA,14,24,12,NA,NA,NA,340,1,NA,dubbele fuik,390,1,0,391,1,390,1,0,NA,NA,NA,NA,391
NA,NA,2011-08-05,2011,NA,Afvangst,NA,NA,NA,NA,NA,NA,NA,NA,NA,05-08-2011_13373,1,Fuik 1,NA,NA,NA,1,NA,NA,NA,NA,NA,NA,NA,1,0,0,1,1,1,0,0,NA,NA,NA,NA,1
NA,NA,2012-06-19,2012,NA,Afvangst,NA,NA,NA,NA,NA,NA,NA,NA,NA,19-06-2012_13358,1,Fuik 1,NA,65,115,50,NA,NA,NA,60,2,NA,dubbele fuik,290,2,0,292,1,290,2,0,NA,NA,NA,NA,292
NA,NA,2010-05-26,2010,NA,Afvangst,NA,NA,NA,NA,NA,NA,NA,NA,NA,26-05-2010_13357,3,Fuik 1,NA,3,NA,61,NA,1,1,NA,NA,NA,dubbele fuik,64,0,2,66,1,64,0,2,NA,NA,NA,NA,66
NA,NA,2010-05-26,2010,NA,Afvangst,NA,NA,NA,NA,NA,NA,NA,NA,NA,26-05-2010_13357,3,Fuik 2,NA,6,NA,65,NA,1,NA,NA,NA,NA,dubbele fuik,71,0,1,72,1,71,0,1,NA,NA,NA,NA,72
NA,NA,2010-05-26,2010,NA,Afvangst,NA,NA,NA,NA,NA,NA,NA,NA,NA,26-05-2010_13357,3,Fuik 3,NA,6,NA,77,NA,1,NA,NA,NA,NA,dubbele fuik,83,0,1,84,1,83,0,1,NA,NA,NA,NA,84
NA,NA,2010-05-27,2010,NA,Afvangst,NA,NA,NA,NA,NA,NA,NA,NA,NA,27-05-2010_13356,3,Fuik 1,NA,140,NA,NA,NA,NA,NA,NA,NA,NA,dubbele fuik,140,0,0,140,1,140,0,0,NA,NA,NA,NA,140
NA,NA,2010-05-27,2010,NA,Afvangst,NA,NA,NA,NA,NA,NA,NA,NA,NA,27-05-2010_13356,3,Fuik 2,NA,913,NA,NA,NA,NA,NA,NA,NA,NA,dubbele fuik,913,0,0,913,1,913,0,0,NA,NA,NA,NA,913
NA,NA,2010-05-27,2010,NA,Afvangst,NA,NA,NA,NA,NA,NA,NA,NA,NA,27-05-2010_13356,3,Fuik 3,NA,110,NA,NA,NA,NA,1,NA,NA,NA,dubbele fuik,110,0,1,111,1,110,0,1,NA,NA,NA,NA,111
NA,NA,2010-05-27,2010,NA,Afvangst,NA,NA,NA,NA,NA,NA,NA,NA,NA,27-05-2010_13357,3,Fuik 1,NA,NA,NA,85,NA,1,NA,NA,NA,NA,dubbele fuik,85,0,1,86,1,85,0,1,NA,NA,NA,NA,86
NA,NA,2010-05-27,2010,NA,Afvangst,NA,NA,NA,NA,NA,NA,NA,NA,NA,27-05-2010_13357,3,Fuik 2,NA,NA,NA,122,NA,NA,NA,NA,NA,NA,dubbele fuik,122,0,0,122,1,122,0,0,NA,NA,NA,NA,122
NA,NA,2010-05-27,2010,NA,Afvangst,NA,NA,NA,NA,NA,NA,NA,NA,NA,27-05-2010_13357,3,Fuik 3,NA,71,NA,NA,NA,1,NA,NA,NA,NA,dubbele fuik,71,0,1,72,1,71,0,1,NA,NA,NA,NA,72
NA,NA,2010-07-02,2010,NA,Afvangst,NA,NA,NA,NA,NA,NA,NA,NA,NA,02-07-2010_13356,1,Fuik 1,NA,22,NA,36,NA,1,1,NA,6,NA,dubbele fuik,58,6,2,66,1,58,6,2,NA,NA,NA,NA,66
NA,NA,2010-05-12,2010,NA,Afvangst,NA,NA,NA,NA,NA,NA,NA,NA,NA,12-05-2010_13359,3,Fuik 1,NA,NA,NA,8,NA,NA,NA,NA,NA,NA,dubbele fuik,8,0,0,8,1,8,0,0,NA,NA,NA,NA,8
NA,NA,2010-05-12,2010,NA,Afvangst,NA,NA,NA,NA,NA,NA,NA,NA,NA,12-05-2010_13359,3,Fuik 2,NA,NA,NA,44,NA,NA,NA,NA,NA,NA,dubbele fuik,44,0,0,44,1,44,0,0,NA,NA,NA,NA,44
NA,NA,2010-05-12,2010,NA,Afvangst,NA,NA,NA,NA,NA,NA,NA,NA,NA,12-05-2010_13359,3,Fuik 3,NA,11,NA,125,NA,1,NA,NA,NA,NA,dubbele fuik,136,0,1,137,1,136,0,1,NA,NA,NA,NA,137
NA,NA,2010-05-11,2010,NA,Afvangst,NA,NA,NA,NA,NA,NA,NA,NA,NA,11-05-2010_13358,3,Fuik 1,NA,80,NA,354,NA,NA,NA,NA,NA,NA,dubbele fuik,434,0,0,434,1,434,0,0,NA,NA,NA,NA,434
NA,NA,2010-05-11,2010,NA,Afvangst,NA,NA,NA,NA,NA,NA,NA,NA,NA,11-05-2010_13358,3,Fuik 2,NA,NA,NA,52,NA,NA,NA,NA,NA,NA,dubbele fuik,52,0,0,52,1,52,0,0,NA,NA,NA,NA,52
NA,NA,2010-05-11,2010,NA,Afvangst,NA,NA,NA,NA,NA,NA,NA,NA,NA,11-05-2010_13358,3,Fuik 3,NA,1,NA,16,NA,NA,NA,NA,NA,NA,dubbele fuik,17,0,0,17,1,17,0,0,NA,NA,NA,NA,17
NA,NA,2010-05-26,2010,NA,Afvangst,NA,NA,NA,NA,NA,NA,NA,NA,NA,26-05-2010_13356,3,Fuik 1,NA,500,NA,NA,NA,NA,NA,NA,NA,NA,dubbele fuik,500,0,0,500,1,500,0,0,NA,NA,NA,NA,500
NA,NA,2010-05-26,2010,NA,Afvangst,NA,NA,NA,NA,NA,NA,NA,NA,NA,26-05-2010_13356,3,Fuik 2,NA,1000,NA,NA,NA,NA,1,NA,NA,NA,dubbele fuik,1000,0,1,1001,1,1000,0,1,NA,NA,NA,NA,1001
NA,NA,2010-05-26,2010,NA,Afvangst,NA,NA,NA,NA,NA,NA,NA,NA,NA,26-05-2010_13356,3,Fuik 3,NA,1000,NA,NA,NA,NA,NA,NA,NA,NA,dubbele fuik,1000,0,0,1000,1,1000,0,0,NA,NA,NA,NA,1000
NA,NA,2010-05-12,2010,NA,Afvangst,NA,NA,NA,NA,NA,NA,NA,NA,NA,12-05-2010_13358,3,Fuik 1,NA,25,NA,25,NA,NA,NA,NA,NA,NA,dubbele fuik,50,0,0,50,1,50,0,0,NA,NA,NA,NA,50
NA,NA,2010-05-12,2010,NA,Afvangst,NA,NA,NA,NA,NA,NA,NA,NA,NA,12-05-2010_13358,3,Fuik 2,NA,NA,NA,15,NA,NA,NA,NA,NA,NA,dubbele fuik,15,0,0,15,1,15,0,0,NA,NA,NA,NA,15
NA,NA,2010-05-12,2010,NA,Afvangst,NA,NA,NA,NA,NA,NA,NA,NA,NA,12-05-2010_13358,3,Fuik 3,NA,60,NA,45,NA,NA,NA,NA,NA,NA,dubbele fuik,105,0,0,105,1,105,0,0,NA,NA,NA,NA,105
NA,NA,2010-05-11,2010,NA,Afvangst,NA,NA,NA,NA,NA,NA,NA,NA,NA,11-05-2010_13359,3,Fuik 1,NA,NA,NA,9,NA,NA,NA,NA,NA,NA,dubbele fuik,9,0,0,9,1,9,0,0,NA,NA,NA,NA,9
NA,NA,2010-05-11,2010,NA,Afvangst,NA,NA,NA,NA,NA,NA,NA,NA,NA,11-05-2010_13359,3,Fuik 2,NA,3,NA,168,NA,NA,NA,NA,NA,NA,dubbele fuik,171,0,0,171,1,171,0,0,NA,NA,NA,NA,171
NA,NA,2010-05-11,2010,NA,Afvangst,NA,NA,NA,NA,NA,NA,NA,NA,NA,11-05-2010_13359,3,Fuik 3,NA,NA,NA,50,NA,NA,NA,NA,NA,NA,dubbele fuik,50,0,0,50,1,50,0,0,NA,NA,NA,NA,50
NA,NA,2013-04-23,2013,NA,Afvangst,NA,NA,NA,NA,NA,NA,NA,NA,NA,23-04-2013_13372,2,Fuik 1,NA,5,NA,3,NA,NA,NA,NA,NA,NA,dubbele fuik,8,0,0,8,1,8,0,0,NA,NA,NA,NA,8
NA,NA,2013-04-23,2013,NA,Afvangst,NA,NA,NA,NA,NA,NA,NA,NA,NA,23-04-2013_13372,2,Fuik 2,NA,123,13,118,NA,NA,NA,NA,NA,NA,dubbele fuik,254,0,0,254,1,254,0,0,NA,NA,NA,NA,254
